2366.62;1.98;553.74;553.05;3.23;12.57;415.81;5.92;5918.24;2460888.10
2366.54;2.11;553.85;553.15;3.23;12.57;415.81;5.92;5918.24;2460888.10
2366.47;1.98;553.85;553.14;3.23;12.57;415.81;5.92;5918.24;2460888.10
2366.39;2.05;553.78;553.14;3.23;12.57;415.81;5.92;5918.24;2460888.10
2366.31;2.08;553.77;553.06;3.23;12.57;415.81;5.92;5918.24;2460888.10
2366.24;2.05;553.76;553.05;3.22;12.54;415.81;5.92;5918.24;2460888.10
2366.16;2.14;553.76;553.02;3.22;12.54;415.81;5.92;5918.24;2460888.10
2366.09;2.08;553.72;553.02;3.22;12.54;415.81;5.92;5918.24;2460888.10
2366.01;2.14;553.71;552.94;3.22;12.54;415.81;5.92;5918.24;2460888.10
2365.93;2.12;553.59;552.92;3.22;12.54;415.81;5.92;5918.24;2460888.10
2365.86;2.17;553.59;552.89;3.22;12.54;415.81;5.92;5918.24;2460888.10
2365.78;2.08;553.54;552.83;3.16;12.44;415.81;5.92;5918.24;2460888.10
2365.70;2.10;553.48;552.77;3.17;12.44;415.81;5.92;5918.24;2460888.10
2365.63;2.14;553.45;552.73;3.17;12.44;415.81;5.92;5918.24;2460888.10
2365.55;2.11;553.44;552.73;3.16;12.43;415.81;5.92;5918.24;2460888.10
2365.47;2.14;553.39;552.75;3.17;12.45;415.81;5.92;5918.24;2460888.10
2343.90;2.10;553.46;552.72;3.17;12.45;431.69;5.92;5913.66;2552872.45
2319.02;2.08;553.53;552.81;3.17;12.44;431.69;5.92;5913.66;2552872.45
2294.14;2.10;553.56;552.83;3.17;12.44;431.69;5.92;5913.66;2552872.45
2269.26;2.10;553.56;552.84;3.17;12.45;431.69;5.92;5913.66;2552872.45
2244.38;2.04;553.54;552.88;3.17;12.45;431.69;5.92;5913.66;2552872.45
2219.50;2.08;553.58;552.89;3.17;12.44;431.69;5.92;5913.66;2552872.45
2194.62;2.04;553.57;552.87;3.17;12.44;431.69;5.92;5913.66;2552872.45
2169.74;2.09;553.60;552.88;3.17;12.44;431.69;5.92;5913.66;2552872.45
2144.86;2.03;553.62;552.92;3.17;12.44;431.69;5.92;5913.66;2552872.45
2119.98;1.95;553.55;552.89;3.17;12.44;431.69;5.92;5913.66;2552872.45
2095.10;2.10;553.52;552.86;3.18;12.46;431.69;5.92;5913.66;2552872.45
2070.22;2.05;553.54;552.85;3.17;12.45;431.69;5.92;5913.66;2552872.45
2045.34;2.11;553.48;552.80;3.18;12.45;431.69;5.92;5913.66;2552872.45
2020.45;2.05;553.51;552.87;3.18;12.45;431.69;5.92;5913.66;2552872.45
1995.57;2.08;553.58;552.86;3.18;12.45;431.69;5.92;5913.66;2552872.45
1970.69;1.97;553.58;552.85;3.18;12.45;431.69;5.92;5913.66;2552872.45
1945.81;2.05;553.55;552.84;3.18;12.45;431.69;5.92;5913.66;2552872.45
1920.93;2.02;553.62;552.93;3.18;12.46;431.69;5.92;5913.66;2552872.45
1896.05;2.03;553.62;552.94;3.18;12.45;431.69;5.92;5913.66;2552872.45
1871.17;2.09;553.67;553.00;3.18;12.45;431.69;5.92;5913.66;2552872.45
1846.29;1.98;553.51;552.85;3.18;12.45;431.69;5.92;5913.66;2552872.45
1821.41;2.01;553.52;552.83;3.17;12.44;431.69;5.92;5913.66;2552872.45
1796.53;2.06;553.53;552.88;3.17;12.43;431.69;5.92;5913.66;2552872.45
1771.65;2.14;553.60;552.90;3.17;12.43;431.69;5.92;5913.66;2552872.45
1787.37;2.08;553.61;552.91;3.17;12.43;412.52;4.43;4420.83;1823664.66
1809.35;2.07;553.66;552.92;3.17;12.43;412.52;4.43;4420.83;1823664.66
1831.32;2.00;553.74;553.02;3.17;12.43;412.52;4.43;4420.83;1823664.66
1853.29;2.03;553.75;553.09;3.17;12.42;412.52;4.43;4420.83;1823664.66
1875.26;2.07;552.87;552.19;0.17;5.86;412.52;4.43;4420.83;1823664.66
1897.23;2.07;524.70;523.97;0.27;6.17;412.52;4.43;4420.83;1823664.66
1919.21;2.01;526.01;525.29;0.60;7.01;412.52;4.43;4420.83;1823664.66
1941.18;2.11;526.53;525.83;0.91;7.69;412.52;4.43;4420.83;1823664.66
1963.15;2.09;527.77;527.10;0.89;7.67;412.52;4.43;4420.83;1823664.66
1985.12;2.08;528.68;528.00;1.15;8.21;412.52;4.43;4420.83;1823664.66
2007.09;2.06;529.66;528.97;2.67;11.40;412.52;4.43;4420.83;1823664.66
2029.06;2.03;530.42;529.73;2.66;11.39;412.52;4.43;4420.83;1823664.66
2051.04;2.15;530.88;530.20;2.65;11.38;412.52;4.43;4420.83;1823664.66
2073.01;2.04;531.11;530.42;2.65;11.38;412.52;4.43;4420.83;1823664.66
2094.98;2.05;531.58;530.85;2.65;11.38;412.52;4.43;4420.83;1823664.66
2116.95;2.18;531.72;531.02;2.65;11.38;412.52;4.43;4420.83;1823664.66
2138.92;2.12;532.13;531.38;2.64;11.38;412.52;4.43;4420.83;1823664.66
2160.90;2.08;532.42;531.72;2.65;11.38;412.52;4.43;4420.83;1823664.66
2182.87;2.11;532.68;531.98;2.65;11.38;412.52;4.43;4420.83;1823664.66
2204.84;2.08;532.94;532.25;2.64;11.38;412.52;4.43;4420.83;1823664.66
2226.81;2.09;533.23;532.50;2.64;11.38;412.52;4.43;4420.83;1823664.66
2248.78;2.11;533.55;532.80;2.64;11.38;412.52;4.43;4420.83;1823664.66
2270.75;2.11;533.90;533.19;2.64;11.37;412.52;4.43;4420.83;1823664.66
2292.73;2.09;534.16;533.48;2.65;11.38;412.52;4.43;4420.83;1823664.66
2300.65;2.08;534.55;533.82;2.64;11.37;409.54;5.75;5739.14;2350398.13
2306.42;2.08;534.80;534.10;2.64;11.38;409.54;5.75;5739.14;2350398.13
2312.18;2.09;535.08;534.38;2.64;11.37;409.54;5.75;5739.14;2350398.13
2317.95;2.09;535.50;534.83;2.64;11.37;409.54;5.75;5739.14;2350398.13
2323.71;2.06;535.85;535.13;2.64;11.38;409.54;5.75;5739.14;2350398.13
2329.48;2.10;536.18;535.50;2.63;11.37;409.54;5.75;5739.14;2350398.13
2335.24;2.10;536.49;535.82;2.63;11.37;409.54;5.75;5739.14;2350398.13
2341.01;2.11;537.04;536.34;2.64;11.37;409.54;5.75;5739.14;2350398.13
2346.77;2.10;537.28;536.59;3.01;12.08;409.54;5.75;5739.14;2350398.13
2352.54;2.01;537.80;537.13;2.93;11.94;409.54;5.75;5739.14;2350398.13
2358.30;2.07;538.01;537.36;3.00;12.07;409.54;5.75;5739.14;2350398.13
2364.07;2.02;538.34;537.63;3.13;12.31;409.54;5.75;5739.14;2350398.13
2369.83;2.04;538.58;537.85;3.17;12.40;409.54;5.75;5739.14;2350398.13
2375.60;1.98;538.72;538.03;3.15;12.36;409.54;5.75;5739.14;2350398.13
2381.36;2.04;539.02;538.32;3.13;12.33;409.54;5.75;5739.14;2350398.13
2387.12;1.99;539.19;538.50;3.15;12.36;409.54;5.75;5739.14;2350398.13
2392.89;1.96;539.50;538.84;3.13;12.32;409.54;5.75;5739.14;2350398.13
2398.65;2.03;539.63;538.96;3.12;12.30;409.54;5.75;5739.14;2350398.13
2404.42;1.99;539.86;539.18;3.14;12.34;409.54;5.75;5739.14;2350398.13
2410.18;2.06;540.03;539.32;3.13;12.33;409.54;5.75;5739.14;2350398.13
2415.95;1.96;540.36;539.67;3.50;13.02;409.54;5.75;5739.14;2350398.13
2421.71;2.01;540.46;539.81;3.56;13.16;409.54;5.75;5739.14;2350398.13
2427.48;2.01;540.65;539.91;3.56;13.17;409.54;5.75;5739.14;2350398.13
2433.24;2.08;540.69;540.00;3.59;13.21;409.54;5.75;5739.14;2350398.13
2432.68;1.98;540.92;540.29;3.53;13.10;416.82;6.09;6085.03;2536359.92
2431.14;1.98;541.09;540.47;3.64;13.31;416.82;6.09;6085.03;2536359.92
2429.60;2.00;541.45;540.77;3.53;13.11;416.82;6.09;6085.03;2536359.92
2428.06;2.03;541.64;540.96;3.51;13.07;416.82;6.09;6085.03;2536359.92
2426.52;2.04;541.78;541.08;3.47;12.99;416.82;6.09;6085.03;2536359.92
2424.98;2.02;542.07;541.43;3.49;13.03;416.82;6.09;6085.03;2536359.92
2423.44;1.97;542.40;541.70;3.27;12.60;416.82;6.09;6085.03;2536359.92
2421.90;2.09;542.67;542.03;3.27;12.60;416.82;6.09;6085.03;2536359.92
2420.36;1.94;543.09;542.45;3.27;12.61;416.82;6.09;6085.03;2536359.92
2418.82;2.06;543.58;542.90;3.23;12.53;416.82;6.09;6085.03;2536359.92
2417.28;2.05;543.51;542.82;3.26;12.58;416.82;6.09;6085.03;2536359.92
2415.75;2.08;543.54;542.82;3.27;12.60;416.82;6.09;6085.03;2536359.92
2414.21;2.02;543.73;543.08;3.26;12.59;416.82;6.09;6085.03;2536359.92
2412.67;1.97;543.88;543.24;3.24;12.54;416.82;6.09;6085.03;2536359.92
2411.13;2.02;544.16;543.44;3.27;12.60;416.82;6.09;6085.03;2536359.92
2409.59;2.15;544.29;543.58;3.24;12.55;416.82;6.09;6085.03;2536359.92
2408.05;2.06;544.58;543.90;3.24;12.55;416.82;6.09;6085.03;2536359.92
2406.51;2.15;544.70;544.04;3.26;12.57;416.82;6.09;6085.03;2536359.92
2404.97;2.07;544.95;544.29;3.27;12.59;416.82;6.09;6085.03;2536359.92
2403.43;2.03;545.28;544.60;3.26;12.58;416.82;6.09;6085.03;2536359.92
2401.89;2.05;545.33;544.65;3.28;12.61;416.82;6.09;6085.03;2536359.92
2400.35;2.01;545.57;544.88;3.28;12.62;416.82;6.09;6085.03;2536359.92
2398.81;1.98;545.73;545.00;3.26;12.58;416.82;6.09;6085.03;2536359.92
2397.27;2.07;545.86;545.24;3.27;12.59;416.82;6.09;6085.03;2536359.92
2397.11;1.98;545.99;545.31;3.26;12.58;416.80;6.00;5992.67;2497758.14
2397.17;2.03;546.18;545.54;3.29;12.63;416.80;6.00;5992.67;2497758.14
2397.22;1.99;546.48;545.87;3.27;12.60;416.80;6.00;5992.67;2497758.14
2397.28;2.03;546.70;546.01;3.28;12.61;416.80;6.00;5992.67;2497758.14
2397.33;1.97;546.92;546.26;3.28;12.61;416.80;6.00;5992.67;2497758.14
2397.38;2.04;547.43;546.82;3.28;12.63;416.80;6.00;5992.67;2497758.14
2397.44;1.91;547.33;546.65;3.28;12.61;416.80;6.00;5992.67;2497758.14
2397.49;1.95;547.73;547.08;3.29;12.63;416.80;6.00;5992.67;2497758.14
2397.55;1.99;548.22;547.51;3.26;12.58;416.80;6.00;5992.67;2497758.14
2397.60;2.03;548.52;547.86;3.27;12.60;416.80;6.00;5992.67;2497758.14
2397.65;2.07;548.73;547.96;3.28;12.61;416.80;6.00;5992.67;2497758.14
2397.71;1.99;548.70;547.98;3.29;12.63;416.80;6.00;5992.67;2497758.14
2397.76;2.05;548.86;548.16;3.29;12.63;416.80;6.00;5992.67;2497758.14
2397.82;2.04;549.07;548.36;3.28;12.61;416.80;6.00;5992.67;2497758.14
2397.87;1.92;549.27;548.60;3.29;12.62;416.80;6.00;5992.67;2497758.14
2397.93;2.04;549.56;548.86;3.28;12.61;416.80;6.00;5992.67;2497758.14
2397.98;1.97;549.61;548.97;3.30;12.64;416.80;6.00;5992.67;2497758.14
2398.03;2.02;549.86;549.23;3.30;12.65;416.80;6.00;5992.67;2497758.14
2398.09;2.03;550.09;549.41;3.28;12.61;416.80;6.00;5992.67;2497758.14
2398.14;1.93;550.41;549.75;3.29;12.62;416.80;6.00;5992.67;2497758.14
2398.20;2.00;550.57;549.98;3.28;12.61;416.80;6.00;5992.67;2497758.14
2398.25;2.04;550.57;549.85;3.28;12.61;416.80;6.00;5992.67;2497758.14
2398.30;2.00;550.50;549.87;3.27;12.60;416.80;6.00;5992.67;2497758.14
2398.36;2.02;550.55;549.87;3.30;12.65;416.80;6.00;5992.67;2497758.14
2398.31;2.02;550.39;549.75;3.33;12.70;416.90;6.00;5995.91;2499675.97
2398.25;1.96;550.34;549.72;3.31;12.66;416.90;6.00;5995.91;2499675.97
2398.19;1.99;550.35;549.73;3.29;12.64;416.90;6.00;5995.91;2499675.97
2398.13;2.12;550.24;549.57;3.29;12.62;416.90;6.00;5995.91;2499675.97
2398.07;1.95;550.22;549.54;3.29;12.62;416.90;6.00;5995.91;2499675.97
2398.01;2.08;550.22;549.55;3.28;12.60;416.90;6.00;5995.91;2499675.97
2397.95;2.07;550.19;549.54;3.28;12.60;416.90;6.00;5995.91;2499675.97
2397.89;2.01;550.44;549.81;3.27;12.59;416.90;6.00;5995.91;2499675.97
2397.83;1.99;550.53;549.86;3.28;12.61;416.90;6.00;5995.91;2499675.97
2397.77;2.03;550.60;549.92;3.27;12.59;416.90;6.00;5995.91;2499675.97
2397.71;2.05;550.48;549.82;3.27;12.59;416.90;6.00;5995.91;2499675.97
2397.65;2.02;550.38;549.72;3.27;12.57;416.90;6.00;5995.91;2499675.97
2397.59;2.05;550.32;549.67;3.25;12.55;416.90;6.00;5995.91;2499675.97
2397.53;2.06;550.27;549.63;3.26;12.55;416.90;6.00;5995.91;2499675.97
2397.47;2.11;550.17;549.51;3.25;12.54;416.90;6.00;5995.91;2499675.97
2397.41;1.97;550.28;549.65;3.24;12.52;416.90;6.00;5995.91;2499675.97
2397.35;1.95;550.13;549.45;3.25;12.54;416.90;6.00;5995.91;2499675.97
2397.29;2.03;550.15;549.42;3.26;12.55;416.90;6.00;5995.91;2499675.97
2397.23;2.08;550.22;549.52;3.25;12.55;416.90;6.00;5995.91;2499675.97
2397.17;1.95;550.18;549.50;3.26;12.55;416.90;6.00;5995.91;2499675.97
2397.11;2.00;550.16;549.50;3.25;12.54;416.90;6.00;5995.91;2499675.97
2397.05;1.96;550.17;549.51;3.25;12.53;416.90;6.00;5995.91;2499675.97
2396.99;2.01;550.23;549.54;3.25;12.52;416.90;6.00;5995.91;2499675.97
2396.93;2.06;550.16;549.50;3.24;12.51;416.90;6.00;5995.91;2499675.97
2398.82;2.05;550.22;549.56;3.25;12.53;412.88;6.00;5992.31;2474099.66
2401.02;2.02;550.12;549.50;3.26;12.56;412.88;6.00;5992.31;2474099.66
2403.21;2.03;550.05;549.41;3.28;12.58;412.88;6.00;5992.31;2474099.66
2405.41;1.99;550.02;549.37;3.26;12.55;412.88;6.00;5992.31;2474099.66
2407.60;2.12;549.93;549.25;3.26;12.56;412.88;6.00;5992.31;2474099.66
2409.79;2.01;549.93;549.27;3.26;12.55;412.88;6.00;5992.31;2474099.66
2411.99;1.95;550.29;549.62;3.24;12.52;412.88;6.00;5992.31;2474099.66
2414.18;1.98;549.91;549.23;3.25;12.53;412.88;6.00;5992.31;2474099.66
2416.38;2.07;549.89;549.24;3.27;12.57;412.88;6.00;5992.31;2474099.66
2418.57;2.08;549.95;549.25;3.27;12.57;412.88;6.00;5992.31;2474099.66
2420.76;2.02;549.90;549.25;3.26;12.55;412.88;6.00;5992.31;2474099.66
2422.96;2.02;549.87;549.21;3.30;12.62;412.88;6.00;5992.31;2474099.66
2425.15;1.99;549.88;549.17;3.28;12.58;412.88;6.00;5992.31;2474099.66
2427.35;2.04;549.85;549.20;3.27;12.56;412.88;6.00;5992.31;2474099.66
2429.54;2.07;549.78;549.10;3.27;12.56;412.88;6.00;5992.31;2474099.66
2431.73;2.11;549.77;549.11;3.28;12.58;412.88;6.00;5992.31;2474099.66
2433.93;2.08;549.76;549.07;3.26;12.54;412.88;6.00;5992.31;2474099.66
2436.12;2.05;549.84;549.14;3.26;12.54;412.88;6.00;5992.31;2474099.66
2438.32;2.05;549.79;549.14;3.26;12.55;412.88;6.00;5992.31;2474099.66
2440.51;2.04;549.77;549.12;3.27;12.57;412.88;6.00;5992.31;2474099.66
2442.71;2.08;549.72;549.11;3.28;12.58;412.88;6.00;5992.31;2474099.66
2444.90;1.95;549.77;549.10;3.27;12.57;412.88;6.00;5992.31;2474099.66
2447.09;1.99;549.82;549.16;3.26;12.55;412.88;6.00;5992.31;2474099.66
2449.29;2.00;549.79;549.14;3.25;12.53;412.88;6.00;5992.31;2474099.66
2448.85;2.09;549.75;549.09;3.26;12.54;414.64;6.13;6123.95;2539234.50
2448.01;2.09;549.77;549.12;3.25;12.52;414.64;6.13;6123.95;2539234.50
2447.16;2.01;549.69;549.05;3.33;12.67;414.64;6.13;6123.95;2539234.50
2446.32;2.09;549.76;549.07;3.30;12.62;414.64;6.13;6123.95;2539234.50
2445.48;1.97;549.88;549.17;3.29;12.61;414.64;6.13;6123.95;2539234.50
2444.64;2.11;549.87;549.22;3.31;12.63;414.64;6.13;6123.95;2539234.50
2443.79;2.08;549.84;549.17;3.37;12.75;414.64;6.13;6123.95;2539234.50
2442.95;2.05;549.92;549.30;3.32;12.66;414.64;6.13;6123.95;2539234.50
2442.11;2.09;550.03;549.36;3.31;12.64;414.64;6.13;6123.95;2539234.50
2441.27;2.05;550.17;549.53;3.31;12.63;414.64;6.13;6123.95;2539234.50
2440.43;1.94;550.18;549.49;3.48;12.96;414.64;6.13;6123.95;2539234.50
2439.58;2.07;550.18;549.47;3.52;13.05;414.64;6.13;6123.95;2539234.50
2438.74;2.10;550.15;549.47;3.43;12.87;414.64;6.13;6123.95;2539234.50
2437.90;2.11;550.17;549.50;3.50;13.00;414.64;6.13;6123.95;2539234.50
2437.06;2.01;550.18;549.48;3.48;12.97;414.64;6.13;6123.95;2539234.50
2436.21;1.97;550.15;549.43;3.47;12.94;414.64;6.13;6123.95;2539234.50
2435.37;2.04;550.14;549.51;3.44;12.89;414.64;6.13;6123.95;2539234.50
2434.53;1.99;550.15;549.46;3.41;12.82;414.64;6.13;6123.95;2539234.50
2433.69;2.11;550.12;549.47;3.47;12.94;414.64;6.13;6123.95;2539234.50
2432.84;2.09;550.07;549.41;3.48;12.96;414.64;6.13;6123.95;2539234.50
2432.00;2.05;550.12;549.48;3.43;12.87;414.64;6.13;6123.95;2539234.50
2431.16;2.04;550.29;549.63;3.45;12.90;414.64;6.13;6123.95;2539234.50
2430.32;2.08;550.27;549.56;3.50;13.00;414.64;6.13;6123.95;2539234.50
2429.47;2.07;550.25;549.56;3.45;12.91;414.64;6.13;6123.95;2539234.50
2427.07;2.09;550.20;549.54;3.46;12.93;415.06;6.08;6073.40;2520814.99
2424.42;2.01;550.26;549.56;3.46;12.91;415.06;6.08;6073.40;2520814.99
2421.78;1.99;550.27;549.56;3.45;12.90;415.06;6.08;6073.40;2520814.99
2419.13;2.06;550.19;549.53;3.42;12.85;415.06;6.08;6073.40;2520814.99
2416.49;1.98;550.18;549.50;3.44;12.89;415.06;6.08;6073.40;2520814.99
2413.84;1.92;550.05;549.46;3.41;12.84;415.06;6.08;6073.40;2520814.99
2411.20;1.90;550.11;549.45;3.47;12.93;415.06;6.08;6073.40;2520814.99
2408.55;2.06;550.16;549.50;3.43;12.87;415.06;6.08;6073.40;2520814.99
2405.91;2.08;550.02;549.34;3.45;12.89;415.06;6.08;6073.40;2520814.99
2403.26;2.05;550.07;549.34;3.47;12.94;415.06;6.08;6073.40;2520814.99
2400.62;2.11;550.08;549.39;3.44;12.89;415.06;6.08;6073.40;2520814.99
2397.97;2.02;550.06;549.39;3.45;12.91;415.06;6.08;6073.40;2520814.99
2395.32;2.10;550.03;549.33;3.50;12.99;415.06;6.08;6073.40;2520814.99
2392.68;2.03;550.08;549.44;3.36;12.73;415.06;6.08;6073.40;2520814.99
2390.03;2.13;550.01;549.35;3.13;12.30;415.06;6.08;6073.40;2520814.99
2387.39;2.10;550.02;549.37;3.13;12.29;415.06;6.08;6073.40;2520814.99
2384.74;2.02;550.04;549.33;3.12;12.27;415.06;6.08;6073.40;2520814.99
2382.10;2.07;550.03;549.41;3.11;12.26;415.06;6.08;6073.40;2520814.99
2379.45;2.03;549.99;549.33;3.13;12.30;415.06;6.08;6073.40;2520814.99
2376.81;2.12;549.93;549.28;3.13;12.29;415.06;6.08;6073.40;2520814.99
2374.16;2.06;549.97;549.30;3.15;12.32;415.06;6.08;6073.40;2520814.99
2371.52;2.00;550.02;549.34;3.12;12.27;415.06;6.08;6073.40;2520814.99
2368.87;2.07;550.03;549.34;3.10;12.23;415.06;6.08;6073.40;2520814.99
2366.23;2.10;550.05;549.37;3.13;12.28;415.06;6.08;6073.40;2520814.99
2366.22;2.10;550.06;549.43;3.10;12.22;413.86;5.92;5914.68;2447837.38
2366.63;2.08;550.08;549.46;3.13;12.28;413.86;5.92;5914.68;2447837.38
2367.03;2.04;550.08;549.43;3.11;12.25;413.86;5.92;5914.68;2447837.38
2367.43;2.08;550.09;549.41;3.12;12.26;413.86;5.92;5914.68;2447837.38
2367.84;2.05;550.04;549.40;3.13;12.29;413.86;5.92;5914.68;2447837.38
2368.24;2.13;549.97;549.36;3.13;12.29;413.86;5.92;5914.68;2447837.38
2368.64;2.12;549.99;549.41;3.12;12.26;413.86;5.92;5914.68;2447837.38
2369.04;2.07;550.11;549.46;3.19;12.39;413.86;5.92;5914.68;2447837.38
2369.45;2.01;549.98;549.40;3.17;12.36;413.86;5.92;5914.68;2447837.38
2369.85;2.06;550.00;549.36;3.46;12.90;413.86;5.92;5914.68;2447837.38
2370.25;2.15;550.01;549.34;3.51;12.99;413.86;5.92;5914.68;2447837.38
2370.66;2.09;549.94;549.27;3.32;12.65;413.86;5.92;5914.68;2447837.38
2371.06;2.15;549.87;549.29;3.33;12.66;413.86;5.92;5914.68;2447837.38
2371.46;2.05;549.90;549.24;3.32;12.64;413.86;5.92;5914.68;2447837.38
2371.87;2.04;527.69;526.99;3.30;12.62;413.86;5.92;5914.68;2447837.38
2372.27;2.02;527.70;527.08;3.37;12.73;413.86;5.92;5914.68;2447837.38
2372.67;2.07;527.84;527.22;3.40;12.79;413.86;5.92;5914.68;2447837.38
2373.08;2.06;528.26;527.61;3.34;12.68;413.86;5.92;5914.68;2447837.38
2373.48;2.10;528.21;527.58;3.34;12.69;413.86;5.92;5914.68;2447837.38
2373.88;2.05;528.42;527.73;3.32;12.65;413.86;5.92;5914.68;2447837.38
2374.29;2.02;528.47;527.85;3.36;12.72;413.86;5.92;5914.68;2447837.38
2374.69;1.99;528.56;527.97;3.37;12.74;413.86;5.92;5914.68;2447837.38
2375.09;1.93;528.62;528.00;3.33;12.66;413.86;5.92;5914.68;2447837.38
2375.49;2.07;528.77;528.15;3.35;12.70;413.86;5.92;5914.68;2447837.38
2375.38;2.03;528.81;528.19;3.31;12.63;414.04;5.95;5938.87;2458952.19
2375.19;2.04;528.89;528.31;3.31;12.61;414.04;5.95;5938.87;2458952.19
2374.99;2.04;528.98;528.36;3.29;12.59;414.04;5.95;5938.87;2458952.19
2374.80;1.98;529.03;528.40;3.29;12.59;414.04;5.95;5938.87;2458952.19
2374.61;2.01;529.05;528.40;3.29;12.57;414.04;5.95;5938.87;2458952.19
2374.41;2.05;529.04;528.39;3.27;12.54;414.04;5.95;5938.87;2458952.19
2374.22;1.98;529.15;528.53;3.30;12.60;414.04;5.95;5938.87;2458952.19
2374.03;2.05;529.19;528.59;3.30;12.59;414.04;5.95;5938.87;2458952.19
2373.83;2.08;529.28;528.64;3.33;12.65;414.04;5.95;5938.87;2458952.19
2373.64;2.03;529.28;528.66;3.31;12.61;414.04;5.95;5938.87;2458952.19
2373.45;2.06;529.36;528.74;3.33;12.65;414.04;5.95;5938.87;2458952.19
2373.25;2.12;529.37;528.73;3.36;12.70;414.04;5.95;5938.87;2458952.19
2373.06;2.08;529.44;528.79;3.33;12.65;414.04;5.95;5938.87;2458952.19
2372.87;2.09;529.53;528.87;3.33;12.66;414.04;5.95;5938.87;2458952.19
2372.67;2.08;529.67;529.03;3.35;12.69;414.04;5.95;5938.87;2458952.19
2372.48;2.11;529.76;529.13;3.36;12.70;414.04;5.95;5938.87;2458952.19
2372.29;2.02;529.76;529.09;3.35;12.69;414.04;5.95;5938.87;2458952.19
2372.09;1.96;529.84;529.19;3.32;12.63;414.04;5.95;5938.87;2458952.19
2371.90;2.07;529.86;529.21;3.31;12.62;414.04;5.95;5938.87;2458952.19
2371.71;2.10;529.89;529.25;3.29;12.58;414.04;5.95;5938.87;2458952.19
2371.51;2.07;529.97;529.34;3.28;12.55;414.04;5.95;5938.87;2458952.19
2371.32;1.98;530.02;529.38;3.30;12.59;414.04;5.95;5938.87;2458952.19
2371.13;2.08;530.07;529.44;3.31;12.60;414.04;5.95;5938.87;2458952.19
2370.93;2.06;530.16;529.48;3.33;12.64;414.04;5.95;5938.87;2458952.19
2370.92;2.14;530.30;529.60;3.32;12.62;415.57;5.93;5927.27;2463202.37
2370.94;1.26;530.35;529.71;3.31;12.60;415.57;5.93;5927.27;2463202.37
2370.96;1.30;530.42;529.75;3.32;12.63;415.57;5.93;5927.27;2463202.37
2370.98;1.25;530.47;529.82;3.32;12.63;415.57;5.93;5927.27;2463202.37
2371.00;1.32;530.58;529.92;3.32;12.63;415.57;5.93;5927.27;2463202.37
2371.01;1.18;530.63;530.00;3.32;12.63;415.57;5.93;5927.27;2463202.37
2371.03;1.24;530.64;530.01;3.30;12.59;415.57;5.93;5927.27;2463202.37
2371.05;1.23;530.76;530.11;3.33;12.63;415.57;5.93;5927.27;2463202.37
2371.07;1.28;530.88;530.24;3.34;12.66;415.57;5.93;5927.27;2463202.37
2371.09;1.22;530.91;530.18;3.31;12.61;415.57;5.93;5927.27;2463202.37
2371.11;1.24;530.99;530.29;3.31;12.60;415.57;5.93;5927.27;2463202.37
2371.12;1.24;530.98;530.30;3.32;12.62;415.57;5.93;5927.27;2463202.37
2371.14;1.18;531.02;530.37;3.30;12.59;415.57;5.93;5927.27;2463202.37
2371.16;1.23;531.09;530.44;3.31;12.61;415.57;5.93;5927.27;2463202.37
2371.18;1.25;531.09;530.45;3.31;12.60;415.57;5.93;5927.27;2463202.37
2371.20;2.10;531.13;530.40;3.25;12.48;415.57;5.93;5927.27;2463202.37
2371.21;2.09;531.19;530.57;3.25;12.50;415.57;5.93;5927.27;2463202.37
2371.23;2.10;531.29;530.61;3.31;12.60;415.57;5.93;5927.27;2463202.37
2371.25;2.11;531.29;530.63;3.34;12.66;415.57;5.93;5927.27;2463202.37
2371.27;2.09;531.35;530.70;3.33;12.64;415.57;5.93;5927.27;2463202.37
2371.29;2.09;531.48;530.81;3.30;12.59;415.57;5.93;5927.27;2463202.37
2371.31;2.05;531.48;530.81;3.28;12.53;415.57;5.93;5927.27;2463202.37
2371.32;2.10;531.54;530.87;3.27;12.52;415.57;5.93;5927.27;2463202.37
2371.34;2.07;531.58;530.97;3.24;12.47;415.57;5.93;5927.27;2463202.37
2371.48;2.01;531.63;531.02;3.27;12.52;414.05;5.93;5928.36;2454608.05
2371.64;2.08;531.71;531.07;3.27;12.52;414.05;5.93;5928.36;2454608.05
2371.80;2.10;531.79;531.17;3.27;12.53;414.05;5.93;5928.36;2454608.05
2371.95;2.15;531.86;531.20;3.27;12.53;414.05;5.93;5928.36;2454608.05
2372.11;2.08;531.88;531.21;3.27;12.53;414.05;5.93;5928.36;2454608.05
2372.27;2.06;531.96;531.30;3.26;12.49;414.05;5.93;5928.36;2454608.05
2372.43;2.08;531.98;531.36;3.25;12.49;414.05;5.93;5928.36;2454608.05
2372.59;2.08;531.94;531.37;3.27;12.53;414.05;5.93;5928.36;2454608.05
2372.74;2.02;531.96;531.36;3.28;12.54;414.05;5.93;5928.36;2454608.05
2372.90;2.08;532.12;531.42;3.26;12.50;414.05;5.93;5928.36;2454608.05
2373.06;1.92;532.23;531.58;3.26;12.50;414.05;5.93;5928.36;2454608.05
2373.22;2.36;532.39;531.74;3.24;12.46;414.05;5.93;5928.36;2454608.05
2373.37;2.33;532.43;531.80;3.27;12.52;414.05;5.93;5928.36;2454608.05
2373.53;2.34;532.62;531.98;3.27;12.52;414.05;5.93;5928.36;2454608.05
2373.69;2.36;532.70;532.08;3.30;12.57;414.05;5.93;5928.36;2454608.05
2373.85;2.42;532.79;532.17;3.32;12.61;414.05;5.93;5928.36;2454608.05
2374.01;2.35;532.92;532.29;3.31;12.59;414.05;5.93;5928.36;2454608.05
2374.16;2.43;532.96;532.31;3.32;12.61;414.05;5.93;5928.36;2454608.05
2374.32;2.35;533.01;532.41;3.28;12.53;414.05;5.93;5928.36;2454608.05
2374.48;2.33;533.12;532.48;3.29;12.55;414.05;5.93;5928.36;2454608.05
2374.64;2.39;533.14;532.50;3.32;12.60;414.05;5.93;5928.36;2454608.05
2374.79;2.35;533.25;532.53;3.32;12.62;414.05;5.93;5928.36;2454608.05
2374.95;2.32;533.22;532.60;3.33;12.64;414.05;5.93;5928.36;2454608.05
2375.11;2.29;533.33;532.73;3.30;12.56;414.05;5.93;5928.36;2454608.05
2375.10;2.33;533.49;532.79;3.27;12.50;414.28;5.94;5937.83;2459932.62
2375.07;2.32;533.47;532.83;3.28;12.53;414.28;5.94;5937.83;2459932.62
2375.04;2.31;533.51;532.82;3.27;12.51;414.28;5.94;5937.83;2459932.62
2375.01;2.29;533.56;532.78;3.28;12.52;414.28;5.94;5937.83;2459932.62
2374.98;2.25;533.53;532.87;3.27;12.51;414.28;5.94;5937.83;2459932.62
2374.94;2.28;533.52;532.83;3.27;12.50;414.28;5.94;5937.83;2459932.62
2374.91;2.26;533.58;532.89;3.26;12.50;414.28;5.94;5937.83;2459932.62
2374.88;2.24;533.56;532.92;3.26;12.49;414.28;5.94;5937.83;2459932.62
2374.85;2.26;533.60;532.94;3.27;12.50;414.28;5.94;5937.83;2459932.62
2374.82;2.30;533.68;533.01;3.27;12.50;414.28;5.94;5937.83;2459932.62
2374.79;2.33;533.64;533.00;3.30;12.56;414.28;5.94;5937.83;2459932.62
2374.75;2.29;533.70;533.07;3.29;12.54;414.28;5.94;5937.83;2459932.62
2374.72;2.35;533.71;533.08;3.30;12.57;414.28;5.94;5937.83;2459932.62
2374.69;2.24;533.78;533.12;3.31;12.59;414.28;5.94;5937.83;2459932.62
2374.66;2.19;533.87;533.21;3.30;12.57;414.28;5.94;5937.83;2459932.62
2374.63;2.27;533.86;533.21;3.32;12.60;414.28;5.94;5937.83;2459932.62
2374.59;2.19;533.88;533.23;3.30;12.56;414.28;5.94;5937.83;2459932.62
2374.56;2.27;533.90;533.26;3.29;12.54;414.28;5.94;5937.83;2459932.62
2374.53;2.27;533.89;533.21;3.32;12.60;414.28;5.94;5937.83;2459932.62
2374.50;2.25;533.89;533.16;3.28;12.51;414.28;5.94;5937.83;2459932.62
2374.47;2.23;533.94;533.28;3.28;12.52;414.28;5.94;5937.83;2459932.62
2374.44;2.12;533.97;533.28;3.32;12.59;414.28;5.94;5937.83;2459932.62
2374.40;2.23;526.10;525.40;3.31;12.57;414.28;5.94;5937.83;2459932.62
2374.37;2.33;526.16;525.48;3.29;12.54;414.28;5.94;5937.83;2459932.62
2374.15;2.31;526.25;525.53;3.30;12.55;414.80;5.94;5935.92;2462235.18
2373.89;2.23;526.29;525.65;3.28;12.51;414.80;5.94;5935.92;2462235.18
2373.64;2.33;526.32;525.64;3.30;12.54;414.80;5.94;5935.92;2462235.18
2373.39;2.25;526.40;525.71;3.30;12.56;414.80;5.94;5935.92;2462235.18
2373.13;2.26;526.38;525.75;3.30;12.54;414.80;5.94;5935.92;2462235.18
2372.88;2.26;526.50;525.89;3.29;12.53;414.80;5.94;5935.92;2462235.18
2372.62;2.32;526.58;525.90;3.27;12.50;414.80;5.94;5935.92;2462235.18
2372.37;2.20;526.58;525.93;3.28;12.52;414.80;5.94;5935.92;2462235.18
2372.12;2.27;526.74;526.09;3.31;12.59;414.80;5.94;5935.92;2462235.18
2371.86;2.29;526.79;526.07;3.26;12.48;414.80;5.94;5935.92;2462235.18
2371.61;2.23;526.79;526.11;3.27;12.50;414.80;5.94;5935.92;2462235.18
2371.35;2.24;526.91;526.26;3.28;12.50;414.80;5.94;5935.92;2462235.18
2371.10;2.26;527.23;526.52;3.29;12.54;414.80;5.94;5935.92;2462235.18
2370.85;2.23;527.26;526.55;3.35;12.64;414.80;5.94;5935.92;2462235.18
2370.59;2.20;527.34;526.71;3.30;12.54;414.80;5.94;5935.92;2462235.18
2370.34;2.32;527.36;526.71;3.29;12.54;414.80;5.94;5935.92;2462235.18
2370.08;2.08;527.57;526.90;3.30;12.56;414.80;5.94;5935.92;2462235.18
2369.83;2.25;527.71;526.99;3.30;12.57;414.80;5.94;5935.92;2462235.18
2369.58;2.27;527.78;527.05;3.30;12.57;414.80;5.94;5935.92;2462235.18
2369.32;2.29;527.87;527.20;3.29;12.55;414.80;5.94;5935.92;2462235.18
2369.07;2.22;528.03;527.34;3.29;12.56;414.80;5.94;5935.92;2462235.18
2368.81;2.14;528.14;527.45;3.29;12.55;414.80;5.94;5935.92;2462235.18
2368.56;2.17;528.25;527.61;3.26;12.50;414.80;5.94;5935.92;2462235.18
2368.31;2.23;528.28;527.67;3.31;12.59;414.80;5.94;5935.92;2462235.18
2368.44;2.18;528.27;527.61;3.31;12.57;415.42;5.93;5920.68;2459580.00
2368.63;2.04;528.27;527.60;3.29;12.54;415.42;5.93;5920.68;2459580.00
2368.83;2.27;528.34;527.69;3.28;12.52;415.42;5.93;5920.68;2459580.00
2369.02;2.26;528.56;527.92;3.27;12.51;415.42;5.93;5920.68;2459580.00
2369.21;2.16;528.64;527.94;3.28;12.51;415.42;5.93;5920.68;2459580.00
2369.41;2.31;528.65;527.98;3.28;12.51;415.42;5.93;5920.68;2459580.00
2369.60;2.11;528.67;527.96;3.30;12.55;415.42;5.93;5920.68;2459580.00
2369.79;2.19;528.79;528.11;3.30;12.55;415.42;5.93;5920.68;2459580.00
2369.99;2.21;528.86;528.20;3.32;12.58;415.42;5.93;5920.68;2459580.00
2370.18;2.13;528.83;528.18;3.31;12.57;415.42;5.93;5920.68;2459580.00
2370.37;2.17;528.90;528.25;3.31;12.57;415.42;5.93;5920.68;2459580.00
2370.57;2.19;528.91;528.27;3.30;12.56;415.42;5.93;5920.68;2459580.00
2370.76;2.18;529.01;528.36;3.32;12.58;415.42;5.93;5920.68;2459580.00
2370.95;2.21;529.00;528.36;3.32;12.58;415.42;5.93;5920.68;2459580.00
2371.15;2.18;529.01;528.37;3.31;12.56;415.42;5.93;5920.68;2459580.00
2371.34;2.22;529.02;528.37;3.35;12.64;415.42;5.93;5920.68;2459580.00
2371.53;2.14;529.08;528.41;3.33;12.61;415.42;5.93;5920.68;2459580.00
2371.73;2.09;529.03;528.41;3.31;12.57;415.42;5.93;5920.68;2459580.00
2371.92;2.18;529.09;528.41;3.32;12.58;415.42;5.93;5920.68;2459580.00
2372.11;2.20;529.14;528.54;3.32;12.59;415.42;5.93;5920.68;2459580.00
2372.31;2.09;529.18;528.51;3.31;12.56;415.42;5.93;5920.68;2459580.00
2372.50;2.25;529.20;528.49;3.33;12.59;415.42;5.93;5920.68;2459580.00
2372.69;2.30;529.26;528.56;3.31;12.56;415.42;5.93;5920.68;2459580.00
2372.89;2.22;529.22;528.54;3.29;12.53;415.42;5.93;5920.68;2459580.00
2375.81;2.20;529.29;528.57;3.31;12.55;415.41;5.94;5932.28;2464341.09
2379.15;2.39;529.25;528.53;3.32;12.58;415.41;5.94;5932.28;2464341.09
2382.48;2.38;529.28;528.60;3.33;12.61;415.41;5.94;5932.28;2464341.09
2385.82;2.37;529.22;528.52;3.32;12.58;415.41;5.94;5932.28;2464341.09
2389.16;2.37;529.15;528.43;3.33;12.60;415.41;5.94;5932.28;2464341.09
2392.50;2.41;529.22;528.51;3.30;12.54;415.41;5.94;5932.28;2464341.09
2395.84;2.42;529.31;528.66;3.31;12.56;415.41;5.94;5932.28;2464341.09
2399.18;2.36;529.45;528.71;3.33;12.60;415.41;5.94;5932.28;2464341.09
2402.51;2.33;529.56;528.86;3.32;12.58;415.41;5.94;5932.28;2464341.09
2405.85;2.37;529.62;528.97;3.34;12.62;415.41;5.94;5932.28;2464341.09
2409.19;2.36;529.76;529.06;3.29;12.53;415.41;5.94;5932.28;2464341.09
2412.53;2.34;529.63;528.97;3.28;12.50;415.41;5.94;5932.28;2464341.09
2415.87;2.39;529.74;529.03;3.28;12.50;415.41;5.94;5932.28;2464341.09
2419.21;2.38;529.77;529.05;3.29;12.52;415.41;5.94;5932.28;2464341.09
2422.55;2.38;529.78;529.10;3.31;12.55;415.41;5.94;5932.28;2464341.09
2425.88;2.37;529.82;529.13;3.30;12.53;415.41;5.94;5932.28;2464341.09
2429.22;2.34;529.87;529.13;3.30;12.53;415.41;5.94;5932.28;2464341.09
2432.56;2.40;529.91;529.17;3.31;12.55;415.41;5.94;5932.28;2464341.09
2435.90;2.38;529.89;529.22;3.28;12.50;415.41;5.94;5932.28;2464341.09
2439.24;2.41;529.94;529.24;3.29;12.52;415.41;5.94;5932.28;2464341.09
2442.58;2.37;530.02;529.30;3.29;12.52;415.41;5.94;5932.28;2464341.09
2445.91;2.41;530.00;529.31;3.31;12.55;415.41;5.94;5932.28;2464341.09
2449.25;2.39;530.05;529.37;3.32;12.58;415.41;5.94;5932.28;2464341.09
2452.59;2.42;530.12;529.43;3.36;12.65;415.41;5.94;5932.28;2464341.09
2452.78;2.37;530.07;529.37;3.27;12.49;415.77;6.14;6132.59;2549768.92
2452.48;2.37;530.08;529.43;3.30;12.54;415.77;6.14;6132.59;2549768.92
2452.17;2.37;530.14;529.44;3.28;12.49;415.77;6.14;6132.59;2549768.92
2451.87;2.36;530.28;529.60;3.28;12.49;415.77;6.14;6132.59;2549768.92
2451.57;2.34;530.19;529.48;3.30;12.52;415.77;6.14;6132.59;2549768.92
2451.27;2.37;530.30;529.59;3.28;12.49;415.77;6.14;6132.59;2549768.92
2450.97;2.39;530.29;529.63;3.31;12.54;415.77;6.14;6132.59;2549768.92
2450.67;2.42;530.39;529.73;3.31;12.54;415.77;6.14;6132.59;2549768.92
2450.37;2.34;530.49;529.76;3.31;12.54;415.77;6.14;6132.59;2549768.92
2450.07;2.36;530.50;529.78;3.31;12.54;415.77;6.14;6132.59;2549768.92
2449.77;2.46;530.51;529.80;3.29;12.50;415.77;6.14;6132.59;2549768.92
2449.47;2.41;530.55;529.85;3.29;12.51;415.77;6.14;6132.59;2549768.92
2449.16;2.31;530.56;529.84;3.30;12.53;415.77;6.14;6132.59;2549768.92
2448.86;2.38;530.66;529.91;3.30;12.52;415.77;6.14;6132.59;2549768.92
2448.56;2.39;530.65;529.95;3.30;12.52;415.77;6.14;6132.59;2549768.92
2448.26;2.35;530.73;530.00;3.31;12.53;415.77;6.14;6132.59;2549768.92
2447.96;2.37;530.76;530.02;3.31;12.54;415.77;6.14;6132.59;2549768.92
2447.66;2.30;530.80;530.12;3.35;12.61;415.77;6.14;6132.59;2549768.92
2447.36;2.32;530.92;530.17;3.34;12.59;415.77;6.14;6132.59;2549768.92
2447.06;2.33;530.94;530.25;3.36;12.63;415.77;6.14;6132.59;2549768.92
2446.76;2.39;531.00;530.29;3.39;12.68;415.77;6.14;6132.59;2549768.92
2446.46;2.34;531.02;530.38;3.34;12.59;415.77;6.14;6132.59;2549768.92
2446.16;2.36;531.12;530.41;3.37;12.64;415.77;6.14;6132.59;2549768.92
2445.85;2.34;531.14;530.47;3.36;12.62;415.77;6.14;6132.59;2549768.92
2444.59;2.44;531.13;530.48;3.34;12.60;416.22;6.12;6114.54;2544970.41
2443.18;2.37;531.10;530.45;3.36;12.62;416.22;6.12;6114.54;2544970.41
2441.77;2.43;531.14;530.49;3.37;12.65;416.22;6.12;6114.54;2544970.41
2440.36;2.38;531.16;530.51;3.35;12.62;416.22;6.12;6114.54;2544970.41
2438.95;2.38;531.24;530.53;3.36;12.64;416.22;6.12;6114.54;2544970.41
2437.54;2.36;531.33;530.65;3.35;12.62;416.22;6.12;6114.54;2544970.41
2436.13;2.39;531.31;530.62;3.33;12.59;416.22;6.12;6114.54;2544970.41
2434.72;2.34;531.42;530.73;3.35;12.61;416.22;6.12;6114.54;2544970.41
2433.31;2.35;531.49;530.83;3.35;12.62;416.22;6.12;6114.54;2544970.41
2431.90;2.36;531.59;530.91;3.36;12.63;416.22;6.12;6114.54;2544970.41
2430.49;2.35;531.63;530.96;3.36;12.64;416.22;6.12;6114.54;2544970.41
2429.08;2.40;531.63;530.94;3.38;12.67;416.22;6.12;6114.54;2544970.41
2427.67;2.35;531.60;530.99;3.35;12.61;416.22;6.12;6114.54;2544970.41
2426.26;2.32;531.53;530.87;3.36;12.64;416.22;6.12;6114.54;2544970.41
2424.85;2.35;531.66;530.95;3.36;12.63;416.22;6.12;6114.54;2544970.41
2423.44;2.41;531.66;530.96;3.31;12.55;416.22;6.12;6114.54;2544970.41
2422.03;2.39;531.67;531.02;3.32;12.56;416.22;6.12;6114.54;2544970.41
2420.62;2.38;531.72;531.04;3.30;12.52;416.22;6.12;6114.54;2544970.41
2419.21;2.34;531.72;531.09;3.35;12.61;416.22;6.12;6114.54;2544970.41
2417.80;2.34;531.77;531.13;3.32;12.55;416.22;6.12;6114.54;2544970.41
2416.39;2.37;531.79;531.14;3.33;12.57;416.22;6.12;6114.54;2544970.41
2414.98;2.37;531.89;531.18;3.33;12.56;416.22;6.12;6114.54;2544970.41
2413.57;2.39;531.98;531.31;3.36;12.62;416.22;6.12;6114.54;2544970.41
2412.16;2.41;532.10;531.39;3.33;12.56;416.22;6.12;6114.54;2544970.41
2411.78;2.34;532.05;531.39;3.30;12.52;416.47;6.04;6029.94;2511279.37
2411.56;2.39;532.22;531.54;3.32;12.54;416.47;6.04;6029.94;2511279.37
2411.33;2.36;532.27;531.58;3.32;12.55;416.47;6.04;6029.94;2511279.37
2411.11;2.38;532.11;531.36;3.36;12.62;416.47;6.04;6029.94;2511279.37
2410.89;2.37;532.12;531.42;3.36;12.62;416.47;6.04;6029.94;2511279.37
2410.67;2.39;532.13;531.52;3.34;12.57;416.47;6.04;6029.94;2511279.37
2410.44;2.38;532.22;531.54;3.38;12.65;416.47;6.04;6029.94;2511279.37
2410.22;2.37;532.26;531.55;3.35;12.60;416.47;6.04;6029.94;2511279.37
2410.00;2.37;532.41;531.70;3.31;12.53;416.47;6.04;6029.94;2511279.37
2409.77;2.43;532.44;531.76;3.35;12.61;416.47;6.04;6029.94;2511279.37
2409.55;2.35;532.43;531.80;3.37;12.62;416.47;6.04;6029.94;2511279.37
2409.33;2.35;532.60;531.95;3.33;12.56;416.47;6.04;6029.94;2511279.37
2409.10;2.31;532.58;531.88;3.35;12.59;416.47;6.04;6029.94;2511279.37
2408.88;2.37;532.62;531.96;3.36;12.62;416.47;6.04;6029.94;2511279.37
2408.66;2.41;532.69;532.02;3.36;12.61;416.47;6.04;6029.94;2511279.37
2408.43;2.33;532.59;531.92;3.35;12.60;416.47;6.04;6029.94;2511279.37
2408.21;2.40;532.70;532.04;3.33;12.55;416.47;6.04;6029.94;2511279.37
2407.99;2.34;532.71;531.98;3.37;12.62;416.47;6.04;6029.94;2511279.37
2407.76;2.41;532.72;532.05;3.36;12.61;416.47;6.04;6029.94;2511279.37
2407.54;2.38;532.76;532.07;3.37;12.63;416.47;6.04;6029.94;2511279.37
2407.32;2.36;532.82;532.13;3.36;12.62;416.47;6.04;6029.94;2511279.37
2407.09;2.32;532.92;532.19;3.32;12.53;416.47;6.04;6029.94;2511279.37
2406.87;2.38;532.97;532.24;3.35;12.58;416.47;6.04;6029.94;2511279.37
2406.65;2.47;532.92;532.26;3.29;12.47;416.47;6.04;6029.94;2511279.37
2406.65;2.35;532.99;532.29;3.33;12.55;416.40;6.02;6016.54;2505284.89
2406.69;2.39;532.99;532.36;3.34;12.57;416.40;6.02;6016.54;2505284.89
2406.73;2.42;533.02;532.33;3.35;12.58;416.40;6.02;6016.54;2505284.89
2406.77;2.40;533.09;532.37;3.34;12.57;416.40;6.02;6016.54;2505284.89
2406.81;2.42;533.08;532.41;3.36;12.60;416.40;6.02;6016.54;2505284.89
2406.85;2.38;533.11;532.50;3.31;12.51;416.40;6.02;6016.54;2505284.89
2406.89;2.33;533.12;532.45;3.33;12.54;416.40;6.02;6016.54;2505284.89
2406.92;2.36;533.21;532.59;3.34;12.57;416.40;6.02;6016.54;2505284.89
2406.96;2.40;533.37;532.73;3.34;12.57;416.40;6.02;6016.54;2505284.89
2407.00;2.33;533.43;532.73;3.33;12.55;416.40;6.02;6016.54;2505284.89
2407.04;2.37;533.49;532.80;3.35;12.57;416.40;6.02;6016.54;2505284.89
2407.08;2.37;533.42;532.82;3.35;12.58;416.40;6.02;6016.54;2505284.89
2407.12;2.32;533.49;532.77;3.33;12.54;416.40;6.02;6016.54;2505284.89
2407.16;2.36;533.51;532.87;3.35;12.57;416.40;6.02;6016.54;2505284.89
2407.20;2.43;533.54;532.92;3.36;12.59;416.40;6.02;6016.54;2505284.89
2407.24;2.40;533.57;532.91;3.35;12.57;416.40;6.02;6016.54;2505284.89
2407.28;2.35;533.55;532.94;3.38;12.64;416.40;6.02;6016.54;2505284.89
2407.31;2.37;533.60;532.92;3.39;12.65;416.40;6.02;6016.54;2505284.89
2407.35;2.33;533.60;532.99;3.37;12.61;416.40;6.02;6016.54;2505284.89
2407.39;2.40;533.74;533.08;3.41;12.68;416.40;6.02;6016.54;2505284.89
2407.43;2.38;533.74;533.07;3.36;12.60;416.40;6.02;6016.54;2505284.89
2407.47;2.35;533.78;533.12;3.30;12.47;416.40;6.02;6016.54;2505284.89
2407.51;2.42;533.88;533.21;3.33;12.53;416.40;6.02;6016.54;2505284.89
2407.55;2.42;533.91;533.24;3.32;12.52;416.40;6.02;6016.54;2505284.89
2410.11;2.35;533.87;533.23;3.32;12.52;416.46;6.03;6018.88;2506625.24
2413.05;2.39;533.88;533.25;3.32;12.51;416.46;6.03;6018.88;2506625.24
2416.00;2.37;533.96;533.33;3.32;12.51;416.46;6.03;6018.88;2506625.24
2418.95;2.32;533.96;533.33;3.34;12.54;416.46;6.03;6018.88;2506625.24
2421.89;2.39;533.95;533.27;3.39;12.64;416.46;6.03;6018.88;2506625.24
2424.84;2.38;533.95;533.28;3.34;12.55;416.46;6.03;6018.88;2506625.24
2427.78;2.37;534.06;533.38;3.33;12.53;416.46;6.03;6018.88;2506625.24
2430.73;2.44;534.19;533.53;3.34;12.55;416.46;6.03;6018.88;2506625.24
2433.68;2.33;534.23;533.60;3.37;12.60;416.46;6.03;6018.88;2506625.24
2436.62;2.42;534.38;533.76;3.37;12.59;416.46;6.03;6018.88;2506625.24
2439.57;2.35;534.35;533.73;3.35;12.56;416.46;6.03;6018.88;2506625.24
2442.51;2.45;534.41;533.77;3.35;12.55;416.46;6.03;6018.88;2506625.24
2445.46;2.35;534.42;533.79;3.34;12.54;416.46;6.03;6018.88;2506625.24
2448.41;2.44;534.41;533.84;3.37;12.59;416.46;6.03;6018.88;2506625.24
2451.35;2.34;534.54;533.93;3.38;12.62;416.46;6.03;6018.88;2506625.24
2454.30;2.41;534.64;534.02;3.37;12.59;416.46;6.03;6018.88;2506625.24
2457.24;2.35;534.68;534.11;3.36;12.58;416.46;6.03;6018.88;2506625.24
2460.19;2.40;534.55;533.99;3.34;12.54;416.46;6.03;6018.88;2506625.24
2463.14;2.29;534.57;533.99;3.33;12.53;416.46;6.03;6018.88;2506625.24
2466.08;2.39;534.67;534.03;3.37;12.59;416.46;6.03;6018.88;2506625.24
2469.03;2.35;534.66;534.02;3.36;12.57;416.46;6.03;6018.88;2506625.24
2471.98;2.37;534.72;534.08;3.33;12.52;416.46;6.03;6018.88;2506625.24
2474.92;2.35;534.78;534.13;3.32;12.49;416.46;6.03;6018.88;2506625.24
2477.87;2.41;534.86;534.23;3.38;12.61;416.46;6.03;6018.88;2506625.24
2477.78;2.36;534.81;534.20;3.35;12.55;418.14;6.20;6195.65;2590669.89
2477.23;2.39;534.94;534.29;3.42;12.68;418.14;6.20;6195.65;2590669.89
2476.67;2.36;534.99;534.35;3.31;12.48;418.14;6.20;6195.65;2590669.89
2476.12;2.36;535.03;534.38;3.33;12.51;418.14;6.20;6195.65;2590669.89
2475.56;2.36;534.95;534.33;3.35;12.55;418.14;6.20;6195.65;2590669.89
2475.01;2.34;534.90;534.34;3.33;12.51;418.14;6.20;6195.65;2590669.89
2474.46;2.34;535.06;534.44;3.36;12.56;418.14;6.20;6195.65;2590669.89
2473.90;2.39;535.12;534.47;3.35;12.55;418.14;6.20;6195.65;2590669.89
2473.35;2.38;535.18;534.57;3.31;12.48;418.14;6.20;6195.65;2590669.89
2472.79;2.36;535.21;534.60;3.36;12.56;418.14;6.20;6195.65;2590669.89
2472.24;2.35;535.22;534.60;3.34;12.53;418.14;6.20;6195.65;2590669.89
2471.69;2.40;535.10;534.49;3.39;12.61;418.14;6.20;6195.65;2590669.89
2471.13;2.37;535.11;534.43;3.36;12.57;418.14;6.20;6195.65;2590669.89
2470.58;2.41;535.02;534.40;3.31;12.48;418.14;6.20;6195.65;2590669.89
2470.02;2.35;535.00;534.37;3.29;12.44;418.14;6.20;6195.65;2590669.89
2469.47;2.40;535.01;534.44;3.41;12.65;418.14;6.20;6195.65;2590669.89
2468.92;2.40;535.04;534.39;3.84;13.65;418.14;6.20;6195.65;2590669.89
2468.36;2.34;535.11;534.42;3.85;13.66;418.14;6.20;6195.65;2590669.89
2467.81;2.40;535.04;534.41;3.76;13.48;418.14;6.20;6195.65;2590669.89
2467.25;2.39;535.06;534.41;3.94;13.80;418.14;6.20;6195.65;2590669.89
2466.70;2.42;535.03;534.37;3.98;13.88;418.14;6.20;6195.65;2590669.89
2466.14;2.38;535.09;534.43;3.98;13.87;418.14;6.20;6195.65;2590669.89
2465.59;2.37;535.17;534.50;3.97;13.86;418.14;6.20;6195.65;2590669.89
2465.04;2.41;535.14;534.49;3.97;13.85;418.14;6.20;6195.65;2590669.89
2463.04;2.40;535.22;534.59;3.97;13.85;414.56;6.17;6162.41;2554656.84
2460.83;2.39;535.30;534.68;3.94;13.79;414.56;6.17;6162.41;2554656.84
2458.62;2.40;535.30;534.64;3.97;13.82;414.56;6.17;6162.41;2554656.84
2456.40;2.36;535.39;534.77;3.64;13.22;414.56;6.17;6162.41;2554656.84
2454.19;2.36;535.44;534.81;3.88;13.66;414.56;6.17;6162.41;2554656.84
2451.97;2.32;535.49;534.82;3.87;13.64;414.56;6.17;6162.41;2554656.84
2449.76;2.42;535.45;534.83;3.86;13.61;414.56;6.17;6162.41;2554656.84
2447.54;2.32;535.56;534.92;3.83;13.55;414.56;6.17;6162.41;2554656.84
2445.33;2.40;535.74;535.17;3.87;13.63;414.56;6.17;6162.41;2554656.84
2443.12;2.34;535.73;535.13;3.85;13.58;414.56;6.17;6162.41;2554656.84
2440.90;2.33;535.71;535.06;3.84;13.57;414.56;6.17;6162.41;2554656.84
2438.69;2.39;535.84;535.19;3.86;13.61;414.56;6.17;6162.41;2554656.84
2436.47;2.41;535.82;535.21;3.85;13.59;414.56;6.17;6162.41;2554656.84
2434.26;2.33;535.91;535.30;3.51;12.96;414.56;6.17;6162.41;2554656.84
2432.04;2.36;535.98;535.38;3.51;12.95;414.56;6.17;6162.41;2554656.84
2429.83;2.34;536.06;535.47;3.49;12.92;414.56;6.17;6162.41;2554656.84
2427.62;2.34;536.11;535.46;3.29;12.53;414.56;6.17;6162.41;2554656.84
2425.40;2.42;536.21;535.61;3.29;12.53;414.56;6.17;6162.41;2554656.84
2423.19;2.37;536.16;535.52;3.34;12.62;414.56;6.17;6162.41;2554656.84
2420.97;2.33;536.18;535.54;3.32;12.59;414.56;6.17;6162.41;2554656.84
2418.76;2.35;536.32;535.67;3.30;12.54;414.56;6.17;6162.41;2554656.84
2416.54;2.32;536.45;535.85;3.29;12.53;414.56;6.17;6162.41;2554656.84
2414.33;2.36;536.43;535.78;3.30;12.54;414.56;6.17;6162.41;2554656.84
2412.12;2.31;536.49;535.86;3.34;12.60;414.56;6.17;6162.41;2554656.84
2411.79;2.33;536.47;535.90;3.36;12.64;418.04;6.04;6029.55;2520599.22
2411.76;2.36;536.50;535.88;3.34;12.60;418.04;6.04;6029.55;2520599.22
2411.72;2.34;536.55;535.94;3.35;12.62;418.04;6.04;6029.55;2520599.22
2411.69;2.33;536.58;535.97;3.32;12.57;418.04;6.04;6029.55;2520599.22
2411.66;2.37;536.70;536.05;3.37;12.66;418.04;6.04;6029.55;2520599.22
2411.62;2.38;536.88;536.22;3.36;12.63;418.04;6.04;6029.55;2520599.22
2411.59;2.30;536.54;535.91;3.40;12.70;418.04;6.04;6029.55;2520599.22
2411.55;2.35;536.51;535.91;3.36;12.63;418.04;6.04;6029.55;2520599.22
2411.52;2.45;536.50;535.90;3.32;12.55;418.04;6.04;6029.55;2520599.22
2411.49;2.29;536.51;535.89;3.34;12.58;418.04;6.04;6029.55;2520599.22
2411.45;2.37;536.46;535.84;3.30;12.51;418.04;6.04;6029.55;2520599.22
2411.42;2.35;536.44;535.83;3.30;12.51;418.04;6.04;6029.55;2520599.22
2411.39;2.32;536.57;535.92;3.32;12.54;418.04;6.04;6029.55;2520599.22
2411.35;2.35;536.73;536.12;3.29;12.49;418.04;6.04;6029.55;2520599.22
2411.32;2.38;536.53;535.94;3.28;12.46;418.04;6.04;6029.55;2520599.22
2411.28;2.39;536.60;535.99;3.30;12.51;418.04;6.04;6029.55;2520599.22
2411.25;2.39;536.70;536.12;3.33;12.56;418.04;6.04;6029.55;2520599.22
2411.22;2.34;536.67;536.13;3.33;12.55;418.04;6.04;6029.55;2520599.22
2411.18;2.35;536.67;536.05;3.32;12.54;418.04;6.04;6029.55;2520599.22
2411.15;2.46;536.71;536.13;3.32;12.54;418.04;6.04;6029.55;2520599.22
2411.12;2.37;536.68;536.12;3.33;12.55;418.04;6.04;6029.55;2520599.22
2411.08;2.39;536.77;536.16;3.40;12.67;418.04;6.04;6029.55;2520599.22
2411.05;2.36;536.79;536.16;3.37;12.62;418.04;6.04;6029.55;2520599.22
2411.01;2.35;536.85;536.20;3.36;12.61;418.04;6.04;6029.55;2520599.22
2411.15;2.31;536.85;536.27;3.38;12.63;418.69;6.03;6027.52;2523672.92
2411.32;2.34;537.02;536.41;3.34;12.55;418.69;6.03;6027.52;2523672.92
2411.48;2.35;537.01;536.45;3.37;12.60;418.69;6.03;6027.52;2523672.92
2411.65;2.32;536.96;536.36;3.31;12.50;418.69;6.03;6027.52;2523672.92
2411.81;2.39;537.01;536.43;3.29;12.45;418.69;6.03;6027.52;2523672.92
2411.98;2.34;537.00;536.42;3.27;12.43;418.69;6.03;6027.52;2523672.92
2412.14;2.39;536.96;536.33;3.31;12.48;418.69;6.03;6027.52;2523672.92
2412.30;2.33;536.98;536.40;3.28;12.44;418.69;6.03;6027.52;2523672.92
2412.47;2.34;537.04;536.44;3.30;12.46;418.69;6.03;6027.52;2523672.92
2412.63;2.32;536.96;536.36;3.34;12.54;418.69;6.03;6027.52;2523672.92
2412.80;2.34;537.02;536.41;3.34;12.54;418.69;6.03;6027.52;2523672.92
2412.96;2.37;537.18;536.58;3.33;12.52;418.69;6.03;6027.52;2523672.92
2413.13;2.32;537.00;536.40;3.32;12.50;418.69;6.03;6027.52;2523672.92
2413.29;2.31;537.04;536.44;3.33;12.53;418.69;6.03;6027.52;2523672.92
2413.46;2.40;537.11;536.48;3.30;12.46;418.69;6.03;6027.52;2523672.92
2413.62;2.38;537.12;536.48;3.37;12.58;418.69;6.03;6027.52;2523672.92
2413.79;2.37;537.11;536.48;3.35;12.54;418.69;6.03;6027.52;2523672.92
2413.95;2.36;537.06;536.46;3.37;12.59;418.69;6.03;6027.52;2523672.92
2414.12;2.36;537.00;536.40;3.36;12.57;418.69;6.03;6027.52;2523672.92
2414.28;2.38;536.96;536.36;3.40;12.63;418.69;6.03;6027.52;2523672.92
2414.44;2.35;537.02;536.42;3.37;12.58;418.69;6.03;6027.52;2523672.92
2414.61;2.37;536.92;536.24;3.33;12.50;418.69;6.03;6027.52;2523672.92
2414.77;2.30;536.92;536.31;3.34;12.51;418.69;6.03;6027.52;2523672.92
2414.94;2.34;536.95;536.35;3.32;12.49;418.69;6.03;6027.52;2523672.92
2411.04;2.34;536.91;536.34;3.32;12.47;418.14;6.04;6037.40;2524446.45
2406.52;2.39;536.96;536.36;3.32;12.48;418.14;6.04;6037.40;2524446.45
2401.99;2.25;537.08;536.50;3.32;12.48;418.14;6.04;6037.40;2524446.45
2397.47;2.35;536.96;536.33;3.32;12.49;418.14;6.04;6037.40;2524446.45
2392.95;2.35;536.98;536.36;3.31;12.46;418.14;6.04;6037.40;2524446.45
2388.42;2.34;537.08;536.48;3.36;12.55;418.14;6.04;6037.40;2524446.45
2383.90;2.37;537.01;536.43;3.32;12.48;418.14;6.04;6037.40;2524446.45
2379.38;2.31;537.04;536.44;3.34;12.52;418.14;6.04;6037.40;2524446.45
2374.86;2.33;537.03;536.43;3.33;12.50;418.14;6.04;6037.40;2524446.45
2370.33;2.31;537.01;536.46;3.32;12.47;418.14;6.04;6037.40;2524446.45
2365.81;2.36;536.98;536.38;3.35;12.53;418.14;6.04;6037.40;2524446.45
2361.29;2.33;536.99;536.41;3.32;12.47;418.14;6.04;6037.40;2524446.45
2356.76;2.36;536.89;536.35;3.32;12.47;418.14;6.04;6037.40;2524446.45
2352.24;2.33;536.89;536.33;3.31;12.45;418.14;6.04;6037.40;2524446.45
2347.72;2.32;536.89;536.32;3.31;12.45;418.14;6.04;6037.40;2524446.45
2343.19;2.36;536.90;536.35;3.29;12.42;418.14;6.04;6037.40;2524446.45
2338.67;2.33;536.88;536.30;3.30;12.43;418.14;6.04;6037.40;2524446.45
2334.15;2.30;536.89;536.31;3.30;12.44;418.14;6.04;6037.40;2524446.45
2329.62;2.41;536.83;536.26;3.35;12.52;418.14;6.04;6037.40;2524446.45
2325.10;2.36;536.81;536.23;3.32;12.47;418.14;6.04;6037.40;2524446.45
2320.58;2.32;536.80;536.19;3.36;12.54;418.14;6.04;6037.40;2524446.45
2316.05;2.39;536.73;536.17;3.32;12.47;418.14;6.04;6037.40;2524446.45
2311.53;2.34;536.73;536.16;3.32;12.47;418.14;6.04;6037.40;2524446.45
2307.01;2.32;536.72;536.12;3.32;12.47;418.14;6.04;6037.40;2524446.45
2306.41;2.34;536.79;536.24;3.31;12.45;418.79;5.77;5766.01;2414753.86
2306.41;2.31;536.82;536.22;3.33;12.47;418.79;5.77;5766.01;2414753.86
2306.41;2.29;536.89;536.31;3.33;12.46;418.79;5.77;5766.01;2414753.86
2306.41;2.30;536.79;536.22;3.33;12.47;418.79;5.77;5766.01;2414753.86
2306.41;2.25;536.78;536.22;3.35;12.51;418.79;5.77;5766.01;2414753.86
2306.41;2.33;536.81;536.23;3.34;12.49;418.79;5.77;5766.01;2414753.86
2306.41;2.34;536.86;536.32;3.33;12.47;418.79;5.77;5766.01;2414753.86
2306.41;2.24;537.00;536.43;3.31;12.45;418.79;5.77;5766.01;2414753.86
2306.41;2.32;536.83;536.25;3.34;12.48;418.79;5.77;5766.01;2414753.86
2306.41;2.37;536.81;536.20;2.96;11.81;418.79;5.77;5766.01;2414753.86
2306.41;2.29;536.80;536.20;2.97;11.82;418.79;5.77;5766.01;2414753.86
2306.41;2.30;536.79;536.19;2.93;11.73;418.79;5.77;5766.01;2414753.86
2306.41;2.38;536.82;536.18;2.97;11.82;418.79;5.77;5766.01;2414753.86
2306.41;2.31;536.76;536.21;3.03;11.90;418.79;5.77;5766.01;2414753.86
2306.41;2.38;536.82;536.23;3.05;11.95;418.79;5.77;5766.01;2414753.86
2306.41;2.34;536.86;536.29;3.04;11.92;418.79;5.77;5766.01;2414753.86
2306.41;2.33;536.89;536.31;3.03;11.93;418.79;5.77;5766.01;2414753.86
2306.41;2.31;536.80;536.21;3.03;11.92;418.79;5.77;5766.01;2414753.86
2306.41;2.27;536.73;536.19;3.03;11.91;418.79;5.77;5766.01;2414753.86
2306.41;2.40;536.78;536.22;3.02;11.89;418.79;5.77;5766.01;2414753.86
2306.41;2.34;536.68;536.10;3.00;11.85;418.79;5.77;5766.01;2414753.86
2306.41;2.37;536.63;536.04;2.97;11.80;418.79;5.77;5766.01;2414753.86
2306.41;2.37;536.59;536.02;3.00;11.84;418.79;5.77;5766.01;2414753.86
2306.41;2.37;536.63;536.05;3.03;11.90;418.79;5.77;5766.01;2414753.86

