? 3-RJS-745 Qi AI MIQ inter (l/h);? 3-RJS-745 PI Delta P inferior (kgf/cm²);? 3-RJS-745 PI Delta P intermediário (kgf/cm²);? 3-RJS-745 PI Delta P superior (kgf/cm²);? 3-RJS-745 Qo estimado ICV sup (m³/d);? 3-RJS-745 Qo estimado ICV int (m³/d);? 3-RJS-745 Qw (m³/d);? 3-RJS-745 Qg (m³/d)
5,061;0,109;2,277;4,005;1.420,52;2.841,03;16,591;3.000.724,63
5,056;0,11;2,27;4,022;1.394,81;2.789,62;16,591;3.000.724,63
4,994;0,078;1,576;2,412;1.369,10;2.738,20;16,591;3.000.724,63
4,853;0,077;1,537;2,436;1.343,39;2.686,78;16,591;3.000.724,63
4,903;0,075;1,525;2,439;1.317,68;2.635,36;16,591;3.000.724,63
4,819;0,077;1,517;2,445;1.291,97;2.583,94;16,591;3.000.724,63
4,844;0,075;1,499;2,456;1.266,26;2.532,53;16,591;3.000.724,63
4,892;0,079;1,525;2,431;1.240,55;2.481,11;16,591;3.000.724,63
4,926;0,066;1,514;2,445;1.214,85;2.429,69;16,591;3.000.724,63
4,922;0,076;1,516;2,441;1.189,14;2.378,27;16,591;3.000.724,63
4,95;0,075;1,507;2,447;1.195,71;2.391,43;10,902;1.570.433,37
4,911;0,075;1,511;2,443;1.214,13;2.428,27;10,902;1.570.433,37
4,858;0,075;1,507;2,436;1.232,55;2.465,11;10,902;1.570.433,37
4,867;0,075;1,51;2,449;1.250,97;2.501,95;10,902;1.570.433,37
4,806;0,075;1,509;2,445;1.269,39;2.538,78;10,902;1.570.433,37
4,788;0,074;1,508;2,448;1.287,81;2.575,62;10,902;1.570.433,37
4,835;0,074;1,508;2,438;1.306,23;2.612,46;10,902;1.570.433,37
4,862;0,076;1,505;2,448;1.324,65;2.649,30;10,902;1.570.433,37
4,808;0,075;1,507;2,439;1.343,07;2.686,14;10,902;1.570.433,37
0,012;0,014;0,03;0,063;1.361,49;2.722,98;10,902;1.570.433,37
0,01;0,012;-0,042;0,098;1.379,91;2.759,82;10,902;1.570.433,37
0,011;0,01;-0,058;0,1;1.398,33;2.796,66;10,902;1.570.433,37
0,01;0,014;0,003;0,104;1.416,75;2.833,49;10,902;1.570.433,37
4,679;0,017;-0,059;0,126;1.435,17;2.870,33;10,902;1.570.433,37
4,662;0,017;-0,025;0,123;1.453,59;2.907,17;10,902;1.570.433,37
4,722;0,015;-0,009;0,12;1.472,01;2.944,01;10,902;1.570.433,37
4,689;0,019;0,109;0,236;1.490,42;2.980,85;10,902;1.570.433,37
4,683;0,029;0,349;0,547;1.508,84;3.017,69;10,902;1.570.433,37
4,717;0,032;0,347;0,496;1.527,26;3.054,53;10,902;1.570.433,37
;;;;1.545,68;3.091,37;10,902;1.570.433,37
4,658;0,074;1,475;2,569;1.564,10;3.128,20;10,902;1.570.433,37
4,638;0,078;1,549;2,63;1.582,52;3.165,04;10,902;1.570.433,37
4,681;0,106;2,2;4,064;1.600,94;3.201,88;10,902;1.570.433,37
4,894;0,106;2,238;4,044;1.619,36;3.238,72;10,902;1.570.433,37
4,96;0,106;2,257;4,051;1.574,78;3.149,57;14,978;2.665.432,64
4,935;0,11;2,255;4,03;1.507,11;3.014,21;14,978;2.665.432,64
4,873;0,109;2,262;4,03;1.439,43;2.878,85;14,978;2.665.432,64
4,915;0,108;2,262;4,029;1.371,75;2.743,49;14,978;2.665.432,64
4,959;0,107;2,265;4,025;1.304,07;2.608,13;14,978;2.665.432,64
5,001;0,107;2,268;4,023;1.236,39;2.472,78;14,978;2.665.432,64
4,917;0,11;2,267;4,019;1.168,71;2.337,42;14,978;2.665.432,64
4,981;0,108;2,266;4,019;1.101,03;2.202,06;14,978;2.665.432,64
4,963;0,109;2,265;4,016;1.033,35;2.066,70;14,978;2.665.432,64
4,998;0,11;2,271;4,017;965,67;1.931,34;14,978;2.665.432,64
5,031;0,11;2,27;4,027;897,991;1.795,98;14,978;2.665.432,64
5,081;0,107;2,263;4,018;830,312;1.660,62;14,978;2.665.432,64
5,013;0,11;2,263;4,016;762,633;1.525,27;14,978;2.665.432,64
5,053;0,108;2,269;4,021;694,953;1.389,91;14,978;2.665.432,64
4,94;0,112;2,268;4,016;627,274;1.254,55;14,978;2.665.432,64
4,973;0,107;2,271;4,019;559,595;1.119,19;14,978;2.665.432,64
4,983;0,11;2,269;4,018;491,916;983,831;14,978;2.665.432,64
5,009;0,109;2,271;4,022;424,236;848,473;14,978;2.665.432,64
5,054;0,107;2,262;4,013;356,557;713,114;14,978;2.665.432,64
4,991;0,088;1,808;3,188;288,878;577,755;14,978;2.665.432,64
4,991;0,057;1,05;1,925;221,198;442,397;14,978;2.665.432,64
4,991;0,027;0,292;0,663;153,519;307,038;14,978;2.665.432,64
4,991;0,013;-0,046;0,101;85,84;171,68;14,978;2.665.432,64
0,009;0,013;-0,047;0,101;18,161;36,321;14,978;2.665.432,64
0,01;0,013;-0,048;0,102;0;0;0;0
0,01;0,012;-0,048;0,101;0;0;0;0
0,01;0,015;-0,048;0,102;0;0;0;0
0,01;0,014;-0,056;0,094;0;0;0;0
0,01;0,014;-0,048;0,101;0;0;0;0
0,01;0,013;-0,045;0,102;0;0;0;0
0,01;0,031;-0,019;0,102;0;0;0;0
0,01;0,008;-0,047;0,098;0;0;0;0
0,01;0,013;-0,048;0,102;0;0;0;0
0,011;0,005;-0,044;0,093;0;0;0;0
0,011;0,012;-0,049;0,107;0;0;0;0
0,01;0,014;-0,047;0,102;0;0;0;0
0,01;0,017;-0,047;0,103;0;0;0;0
0,01;0,012;-0,046;0,102;0;0;0;0
0,01;0,014;-0,05;0,102;0;0;0;0
0,011;0,017;-0,056;0,101;0;0;0;0
0,011;0,012;-0,036;0,11;0;0;0;0
0,01;0,013;-0,045;0,102;0;0;0;0
0,01;0,013;-0,045;0,101;0;0;0;0
0,011;0,016;-0,043;0,107;0;0;0;0
0,01;0,013;-0,044;0,103;0;0;0;0
0,011;0,013;-0,044;0,102;0;0;0;0
0,01;0,012;-0,044;0,102;0;0;0;0
0,011;0,013;-0,043;0,101;0;0;0;0
0,01;0,01;-0,045;0,096;1,237;2,475;0;0
0,011;0,017;-0,045;0,101;2,929;5,857;0;0
0,011;0,007;-0,047;0,098;4,62;9,239;0;0
0,011;0,013;-0,044;0,104;6,311;12,622;0;0
0,011;0,014;-0,044;0,102;8,002;16,004;0;0
0,011;0,013;-0,044;0,103;9,693;19,386;0;0
0,012;0,026;-0,045;0,105;11,384;22,768;0;0
0,011;0,015;-0,049;0,103;13,075;26,151;0;0
0,011;0,012;-0,035;0,125;14,767;29,533;0;0
0,011;0,013;-0,044;0,103;16,458;32,915;0;0
0,01;0,011;-0,046;0,1;18,149;36,298;0;0
0,011;0,01;-0,042;0,116;19,84;39,68;0;0
0,011;0,021;-0,046;0,109;21,531;43,062;0;0
0,01;0,015;-0,047;0,103;23,222;46,445;0;0
0,012;0,013;-0,047;0,102;24,913;49,827;0;0
0,01;0,01;-0,035;0,103;26,605;53,209;0;0
0,01;0,013;-0,047;0,102;28,296;56,591;0;0
0,011;0,013;-0,046;0,103;29,987;59,974;0;0
0,011;0,009;-0,047;0,124;31,678;63,356;0;0
0,011;0,009;-0,047;0,109;33,369;66,738;0;0
0,01;0,013;-0,05;0,103;35,06;70,121;0;0
0,011;0,016;-0,048;0,101;36,751;73,503;0;0
0,01;0,014;-0,045;0,102;38,443;76,885;0;0
0,01;0,015;-0,049;0,091;40,134;80,267;0;0
0,01;0,013;-0,048;0,107;44,308;88,616;0,374;56.968,72
0,011;0,018;-0,049;0,105;49,393;98,786;0,374;56.968,72
0,011;0,013;-0,046;0,101;54,478;108,956;0,374;56.968,72
0,01;0,013;-0,048;0,103;59,563;119,126;0,374;56.968,72
0,01;0,012;-0,052;0,104;64,648;129,296;0,374;56.968,72
0,009;0,011;-0,03;0,092;69,733;139,466;0,374;56.968,72
0,01;0,009;-0,031;0,081;74,818;149,636;0,374;56.968,72
0,01;0,014;-0,045;0,119;79,903;159,806;0,374;56.968,72
0,01;0,013;-0,048;0,102;84,988;169,976;0,374;56.968,72
0,011;0,009;-0,049;0,104;90,073;180,146;0,374;56.968,72
0,01;0,015;-0,047;0,109;95,158;190,316;0,374;56.968,72
0,01;0,011;-0,047;0,104;100,243;200,486;0,374;56.968,72
0,011;-0,005;-0,052;0,104;105,328;210,657;0,374;56.968,72
0,01;0,013;-0,047;0,102;110,413;220,827;0,374;56.968,72
0,01;0,013;-0,047;0,102;115,498;230,997;0,374;56.968,72
0,01;0,013;-0,043;0,101;120,583;241,167;0,374;56.968,72
0,01;0,011;-0,041;0,087;125,668;251,337;0,374;56.968,72
0,01;0,013;-0,045;0,108;130,753;261,507;0,374;56.968,72
0,01;0,013;-0,039;0,112;135,838;271,677;0,374;56.968,72
0,011;0,012;-0,043;0,087;140,923;281,847;0,374;56.968,72
6,304;0,024;0,245;0,416;146,008;292,017;0,374;56.968,72
0,011;0,013;-0,042;0,098;151,093;302,187;0,374;56.968,72
0,01;0,013;-0,061;0,101;156,178;312,357;0,374;56.968,72
0,011;0,014;-0,048;0,101;161,263;322,527;0,374;56.968,72
0,01;0;-0,049;0,101;212,216;424,433;1,5;271.335,28
0,01;0,015;-0,041;0,106;279,991;559,982;1,5;271.335,28
0,01;0,013;-0,048;0,1;347,766;695,531;1,5;271.335,28
0,011;0,012;-0,046;0,101;415,54;831,081;1,5;271.335,28
0,01;0,012;-0,049;0,098;483,315;966,63;1,5;271.335,28
0,01;0,013;-0,041;0,102;551,09;1.102,18;1,5;271.335,28
0,009;0,01;-0,052;0,103;618,864;1.237,73;1,5;271.335,28
0,01;0,008;-0,045;0,107;686,639;1.373,28;1,5;271.335,28
0,009;-0,001;-0,046;0,115;754,414;1.508,83;1,5;271.335,28
0,01;0,067;-0,043;0,103;822,188;1.644,38;1,5;271.335,28
0,011;0,012;-0,066;0,094;889,963;1.779,93;1,5;271.335,28
0,011;0,012;-0,042;0,118;957,738;1.915,48;1,5;271.335,28
0,011;0,014;-0,039;0,098;1.025,51;2.051,02;1,5;271.335,28
7,921;0,013;-0,039;0,107;1.093,29;2.186,57;1,5;271.335,28
6,557;0,016;-0,043;0,102;1.161,06;2.322,12;1,5;271.335,28
6,383;0,014;-0,032;0,094;1.228,84;2.457,67;1,5;271.335,28
7,216;0,013;-0,037;0,078;1.296,61;2.593,22;1,5;271.335,28
7,113;0,018;0,104;0,276;1.364,39;2.728,77;1,5;271.335,28
7,02;0,019;0,092;0,217;1.432,16;2.864,32;1,5;271.335,28
7,015;0,038;0,556;0,871;1.499,94;2.999,87;1,5;271.335,28
6,963;0,036;0,563;0,832;1.567,71;3.135,42;1,5;271.335,28
6,915;0,036;0,567;0,824;1.635,48;3.270,97;1,5;271.335,28
6,923;0,034;0,568;0,833;1.703,26;3.406,52;1,5;271.335,28
6,925;0,037;0,601;0,878;1.771,03;3.542,07;1,5;271.335,28
6,878;0,038;0,658;0,959;1.794,71;3.589,42;16,499;2.937.521,98
6,926;0,039;0,658;0,956;1.802,21;3.604,43;16,499;2.937.521,98
7,022;0,041;0,662;0,951;1.809,72;3.619,44;16,499;2.937.521,98
6,857;0,041;0,728;1,088;1.817,22;3.634,45;16,499;2.937.521,98
7,587;0,102;2,077;4,02;1.824,73;3.649,45;16,499;2.937.521,98
7,383;0,107;2,22;4,089;1.832,23;3.664,46;16,499;2.937.521,98
7,483;0,106;2,232;4,041;1.839,74;3.679,47;16,499;2.937.521,98
7,826;0,108;2,238;4,037;1.847,24;3.694,48;16,499;2.937.521,98
7,59;0,107;2,237;4,01;1.854,74;3.709,49;16,499;2.937.521,98
7,919;0,109;2,241;4,014;1.862,25;3.724,50;16,499;2.937.521,98
7,561;0,11;2,245;3,997;1.869,75;3.739,50;16,499;2.937.521,98
7,495;0,107;2,234;3,954;1.877,26;3.754,51;16,499;2.937.521,98
7,647;0,109;2,255;4,015;1.884,76;3.769,52;16,499;2.937.521,98
7,5;0,104;2,235;3,968;1.892,26;3.784,53;16,499;2.937.521,98
7,377;0,109;2,242;3,982;1.899,77;3.799,54;16,499;2.937.521,98
7,375;0,109;2,243;3,989;1.907,27;3.814,54;16,499;2.937.521,98
7,543;0,108;2,235;3,988;1.914,78;3.829,55;16,499;2.937.521,98
7,478;0,108;2,242;4,005;1.922,28;3.844,56;16,499;2.937.521,98
7,419;0,108;2,238;3,993;1.929,79;3.859,57;16,499;2.937.521,98
7,488;0,104;2,243;3,993;1.937,29;3.874,58;16,499;2.937.521,98
7,58;0,105;2,242;3,994;1.944,79;3.889,59;16,499;2.937.521,98
7,554;0,107;2,238;3,983;1.952,30;3.904,59;16,499;2.937.521,98
7,565;0,107;2,243;3,997;1.959,80;3.919,60;16,499;2.937.521,98
7,515;0,107;2,243;3,986;1.967,31;3.934,61;16,499;2.937.521,98
7,509;0,108;2,245;3,984;1.938,20;3.876,41;18,16;3.220.732,07
7,395;0,107;2,242;4,017;1.895,68;3.791,36;18,16;3.220.732,07
7,495;0,108;2,241;3,983;1.853,15;3.706,30;18,16;3.220.732,07
7,425;0,108;2,248;3,978;1.810,63;3.621,25;18,16;3.220.732,07
7,438;0,109;2,241;3,983;1.768,10;3.536,20;18,16;3.220.732,07
7,453;0,108;2,242;3,975;1.725,57;3.451,14;18,16;3.220.732,07
7,488;0,109;2,246;3,984;1.683,05;3.366,09;18,16;3.220.732,07
7,424;0,108;2,239;3,98;1.640,52;3.281,04;18,16;3.220.732,07
7,422;0,109;2,238;3,982;1.597,99;3.195,99;18,16;3.220.732,07
7,381;0,108;2,245;3,978;1.555,47;3.110,93;18,16;3.220.732,07
7,417;0,109;2,239;3,977;1.512,94;3.025,88;18,16;3.220.732,07
7,373;0,108;2,237;3,983;1.470,41;2.940,83;18,16;3.220.732,07
7,284;0,106;2,244;3,974;1.427,89;2.855,77;18,16;3.220.732,07
7,364;0,108;2,243;3,985;1.385,36;2.770,72;18,16;3.220.732,07
7,349;0,108;2,24;3,977;1.342,83;2.685,67;18,16;3.220.732,07
7,326;0,108;2,241;3,98;1.300,31;2.600,62;18,16;3.220.732,07
7,401;0,107;2,235;3,977;1.257,78;2.515,56;18,16;3.220.732,07
7,317;0,105;2,241;4;1.215,26;2.430,51;18,16;3.220.732,07
7,354;0,106;2,241;3,979;1.172,73;2.345,46;18,16;3.220.732,07
7,318;0,108;2,238;3,975;1.130,20;2.260,40;18,16;3.220.732,07
7,387;0,107;2,246;3,992;1.087,68;2.175,35;18,16;3.220.732,07
7,391;0,105;2,245;3,993;1.045,15;2.090,30;18,16;3.220.732,07
7,49;0,108;2,241;3,99;1.002,62;2.005,25;18,16;3.220.732,07
7,445;0,105;2,242;3,986;960,096;1.920,19;18,16;3.220.732,07
7,473;0,107;2,248;3,988;964,14;1.928,28;8,748;1.566.753,12
7,476;0,108;2,242;3,982;985,263;1.970,53;8,748;1.566.753,12
7,468;0,109;2,243;3,988;1.006,39;2.012,77;8,748;1.566.753,12
7,521;0,105;2,241;3,987;1.027,51;2.055,02;8,748;1.566.753,12
7,478;0,105;2,246;3,987;1.048,63;2.097,27;8,748;1.566.753,12
7,498;0,106;2,245;3,986;1.069,76;2.139,51;8,748;1.566.753,12
7,363;0,108;2,253;4,016;1.090,88;2.181,76;8,748;1.566.753,12
7,381;0,108;2,255;4,008;1.112,00;2.224,00;8,748;1.566.753,12
0,007;0,016;0,024;0,088;1.133,13;2.266,25;8,748;1.566.753,12
7,22;0,014;-0,017;0,096;1.154,25;2.308,50;8,748;1.566.753,12
7,174;0,013;-0,026;0,095;1.175,37;2.350,74;8,748;1.566.753,12
7,246;0,011;-0,014;0,093;1.196,49;2.392,99;8,748;1.566.753,12
7,182;0,013;-0,034;0,102;1.217,62;2.435,24;8,748;1.566.753,12
7,143;0,013;-0,035;0,101;1.238,74;2.477,48;8,748;1.566.753,12
7,053;0,013;-0,036;0,108;1.259,86;2.519,73;8,748;1.566.753,12
7,013;0,014;-0,049;0,116;1.280,99;2.561,97;8,748;1.566.753,12
7,056;0,014;-0,036;0,103;1.302,11;2.604,22;8,748;1.566.753,12
7,333;0,014;-0,036;0,108;1.323,23;2.646,47;8,748;1.566.753,12
7,261;0,043;0,845;1,498;1.344,36;2.688,71;8,748;1.566.753,12
7,136;0,049;0,908;1,418;1.365,48;2.730,96;8,748;1.566.753,12
7,472;0,05;0,923;1,42;1.386,60;2.773,21;8,748;1.566.753,12
7,323;0,05;0,933;1,421;1.407,73;2.815,45;8,748;1.566.753,12
7,231;0,05;0,939;1,419;1.428,85;2.857,70;8,748;1.566.753,12
6,196;0,049;0,943;1,424;1.449,97;2.899,94;8,748;1.566.753,12
0,012;0,052;0,944;1,422;1.449,96;2.899,91;13,423;2.394.790,72
-0,003;0,051;0,947;1,419;1.442,19;2.884,38;13,423;2.394.790,72
9,035;0,05;0,947;1,43;1.434,42;2.868,84;13,423;2.394.790,72
7,422;0,052;0,947;1,424;1.426,65;2.853,31;13,423;2.394.790,72
0,017;0,051;0,95;1,427;1.418,89;2.837,77;13,423;2.394.790,72
6,612;0,051;0,951;1,426;1.411,12;2.822,24;13,423;2.394.790,72
6,334;0,051;0,947;1,431;1.403,35;2.806,70;13,423;2.394.790,72
6,287;0,051;0,952;1,426;1.395,58;2.791,17;13,423;2.394.790,72
6,282;0,051;0,952;1,42;1.387,82;2.775,63;13,423;2.394.790,72
6,262;0,051;0,952;1,433;1.380,05;2.760,10;13,423;2.394.790,72
6,285;0,046;0,966;1,43;1.372,28;2.744,56;13,423;2.394.790,72
6,388;0,093;1,848;3,737;1.364,51;2.729,03;13,423;2.394.790,72
6,523;0,099;2,107;3,83;1.356,75;2.713,49;13,423;2.394.790,72
6,582;0,105;2,184;3,951;1.348,98;2.697,96;13,423;2.394.790,72
6,49;0,106;2,196;3,943;1.341,21;2.682,42;13,423;2.394.790,72
6,537;0,114;2,199;3,93;1.333,44;2.666,89;13,423;2.394.790,72
6,812;0,104;2,205;3,939;1.325,68;2.651,35;13,423;2.394.790,72
6,509;0,105;2,206;3,919;1.317,91;2.635,82;13,423;2.394.790,72
6,734;0,106;2,21;3,917;1.310,14;2.620,28;13,423;2.394.790,72
7,014;0,104;2,215;3,935;1.302,37;2.604,75;13,423;2.394.790,72
7,151;0,105;2,222;3,943;1.294,61;2.589,21;13,423;2.394.790,72
6,708;0,107;2,219;3,929;1.286,84;2.573,68;13,423;2.394.790,72
6,68;0,105;2,221;3,929;1.279,07;2.558,14;13,423;2.394.790,72
6,695;0,107;2,22;3,933;1.271,30;2.542,61;13,423;2.394.790,72
6,706;0,107;2,226;3,933;1.258,19;2.516,38;11,704;2.064.775,34
6,712;0,107;2,218;3,934;1.243,11;2.486,23;11,704;2.064.775,34
6,753;0,109;2,221;3,93;1.228,04;2.456,08;11,704;2.064.775,34
6,772;0,11;2,219;3,94;1.212,96;2.425,93;11,704;2.064.775,34
6,658;0,106;2,221;3,926;1.197,89;2.395,78;11,704;2.064.775,34
6,618;0,105;2,217;3,926;1.182,81;2.365,62;11,704;2.064.775,34
7,008;0,107;2,223;3,937;1.167,74;2.335,47;11,704;2.064.775,34
7,05;0,105;2,218;3,924;1.152,66;2.305,32;11,704;2.064.775,34
6,995;0,049;0,928;1,017;1.137,59;2.275,17;11,704;2.064.775,34
6,779;0,042;0,797;1,077;1.122,51;2.245,02;11,704;2.064.775,34
6,972;0,066;1,348;2,355;1.107,44;2.214,87;11,704;2.064.775,34
6,917;0,096;2,01;3,644;1.092,36;2.184,72;11,704;2.064.775,34
7,339;0,105;2,154;3,875;1.077,28;2.154,57;11,704;2.064.775,34
7,336;0,107;2,173;3,868;1.062,21;2.124,42;11,704;2.064.775,34
7,974;0,104;2,174;3,864;1.047,13;2.094,27;11,704;2.064.775,34
8,079;0,105;2,184;3,862;1.032,06;2.064,12;11,704;2.064.775,34
0,017;0,015;0,125;0,019;1.016,98;2.033,97;11,704;2.064.775,34
0,013;0,013;-0,039;0,097;1.001,91;2.003,81;11,704;2.064.775,34
0,015;0,01;-0,043;0,1;986,832;1.973,66;11,704;2.064.775,34
-0,008;0,012;-0,047;0,11;971,756;1.943,51;11,704;2.064.775,34
0,017;0,008;-0,049;0,106;956,681;1.913,36;11,704;2.064.775,34
8,441;0,03;0,308;1,148;941,606;1.883,21;11,704;2.064.775,34
6,735;0,024;0,499;0,788;926,53;1.853,06;11,704;2.064.775,34
6,622;0,032;0,509;0,744;911,455;1.822,91;11,704;2.064.775,34
6,552;0,038;0,546;0,789;911,53;1.823,06;8,367;1.490.199,90
6,775;0,043;0,589;0,765;917,162;1.834,33;8,367;1.490.199,90
6,548;0,035;0,551;0,813;922,794;1.845,59;8,367;1.490.199,90
6,523;0,035;0,548;0,807;928,426;1.856,85;8,367;1.490.199,90
6,374;0,032;0,542;0,774;934,058;1.868,12;8,367;1.490.199,90
6,528;0,053;0,942;1,492;939,69;1.879,38;8,367;1.490.199,90
6,574;0,053;0,93;1,413;945,323;1.890,65;8,367;1.490.199,90
6,578;0,052;0,939;1,416;950,955;1.901,91;8,367;1.490.199,90
6,689;0,061;0,894;1,394;956,587;1.913,17;8,367;1.490.199,90
6,687;0,05;0,939;1,41;962,219;1.924,44;8,367;1.490.199,90
6,844;0,051;0,94;1,431;967,851;1.935,70;8,367;1.490.199,90
6,647;0,05;0,942;1,414;973,483;1.946,97;8,367;1.490.199,90
6,799;0,05;0,941;1,408;979,115;1.958,23;8,367;1.490.199,90
6,705;0,059;0,912;1,431;984,747;1.969,49;8,367;1.490.199,90
6,869;0,06;0,965;1,45;990,379;1.980,76;8,367;1.490.199,90
6,825;0,05;0,947;1,421;996,011;1.992,02;8,367;1.490.199,90
6,754;0,052;0,946;1,41;1.001,64;2.003,29;8,367;1.490.199,90
6,675;0,05;0,945;1,42;1.007,28;2.014,55;8,367;1.490.199,90
6,687;0,051;0,944;1,42;1.012,91;2.025,81;8,367;1.490.199,90
6,761;0,051;0,951;1,424;1.018,54;2.037,08;8,367;1.490.199,90
6,726;0,052;0,945;1,42;1.024,17;2.048,34;8,367;1.490.199,90
6,861;0,051;0,941;1,429;1.029,80;2.059,61;8,367;1.490.199,90
6,841;0,051;0,947;1,418;1.035,44;2.070,87;8,367;1.490.199,90
6,709;0,051;0,946;1,418;1.041,07;2.082,13;8,367;1.490.199,90
6,821;0,051;0,95;1,418;1.041,71;2.083,42;9,614;1.667.995,17
6,763;0,049;0,947;1,42;1.040,52;2.081,05;9,614;1.667.995,17
6,724;0,052;0,945;1,412;1.039,34;2.078,67;9,614;1.667.995,17
6,719;0,051;0,944;1,414;1.038,15;2.076,30;9,614;1.667.995,17
6,816;0,052;0,94;1,412;1.036,96;2.073,92;9,614;1.667.995,17
6,78;0,051;0,943;1,412;1.035,78;2.071,55;9,614;1.667.995,17
6,807;0,051;0,943;1,423;1.034,59;2.069,18;9,614;1.667.995,17
6,836;0,052;0,943;1,419;1.033,40;2.066,80;9,614;1.667.995,17
6,864;0,05;0,946;1,417;1.032,21;2.064,43;9,614;1.667.995,17
6,774;0,049;0,943;1,423;1.031,03;2.062,06;9,614;1.667.995,17
6,902;0,053;0,947;1,418;1.029,84;2.059,68;9,614;1.667.995,17
6,814;0,051;0,944;1,417;1.028,65;2.057,31;9,614;1.667.995,17
6,807;0,051;0,933;1,414;1.027,47;2.054,93;9,614;1.667.995,17
6,759;0,05;0,944;1,414;1.026,28;2.052,56;9,614;1.667.995,17
6,72;0,051;0,947;1,417;1.025,09;2.050,19;9,614;1.667.995,17
6,688;0,051;0,941;1,414;1.023,91;2.047,81;9,614;1.667.995,17
6,852;0,049;0,946;1,427;1.022,72;2.045,44;9,614;1.667.995,17
6,782;0,053;0,942;1,411;1.021,53;2.043,06;9,614;1.667.995,17
6,762;0,05;0,944;1,411;1.020,35;2.040,69;9,614;1.667.995,17
6,789;0,051;0,944;1,42;1.019,16;2.038,32;9,614;1.667.995,17
6,792;0,051;0,942;1,414;1.017,97;2.035,94;9,614;1.667.995,17
6,774;0,05;0,944;1,413;1.016,78;2.033,57;9,614;1.667.995,17
6,726;0,05;0,941;1,401;1.015,60;2.031,19;9,614;1.667.995,17
6,833;0,05;0,942;1,411;1.014,41;2.028,82;9,614;1.667.995,17
6,831;0,05;0,941;1,409;1.014,44;2.028,88;9,351;1.641.718,21
6,811;0,051;0,941;1,413;1.014,92;2.029,84;9,351;1.641.718,21
6,823;0,05;0,939;1,41;1.015,40;2.030,80;9,351;1.641.718,21
6,913;0,05;0,939;1,407;1.015,88;2.031,75;9,351;1.641.718,21
6,912;0,051;0,939;1,409;1.016,35;2.032,71;9,351;1.641.718,21
6,895;0,052;0,942;1,4;1.016,83;2.033,66;9,351;1.641.718,21
6,851;0,05;0,938;1,408;1.017,31;2.034,62;9,351;1.641.718,21
6,852;0,051;0,941;1,408;1.017,79;2.035,58;9,351;1.641.718,21
6,899;0,051;0,942;1,405;1.018,27;2.036,53;9,351;1.641.718,21
6,78;0,051;0,94;1,41;1.018,75;2.037,49;9,351;1.641.718,21
6,768;0,051;0,941;1,406;1.019,22;2.038,45;9,351;1.641.718,21
6,742;0,05;0,942;1,407;1.019,70;2.039,40;9,351;1.641.718,21
6,791;0,05;0,941;1,406;1.020,18;2.040,36;9,351;1.641.718,21
6,742;0,05;0,946;1,415;1.020,66;2.041,32;9,351;1.641.718,21
6,963;0,052;0,941;1,405;1.021,14;2.042,27;9,351;1.641.718,21
6,989;0,042;0,969;1,408;1.021,61;2.043,23;9,351;1.641.718,21
6,84;0,05;0,94;1,41;1.022,09;2.044,19;9,351;1.641.718,21
6,897;0,05;0,94;1,405;1.022,57;2.045,14;9,351;1.641.718,21
6,837;0,049;0,942;1,407;1.023,05;2.046,10;9,351;1.641.718,21
6,897;0,051;0,937;1,401;1.023,53;2.047,05;9,351;1.641.718,21
6,915;0,051;0,937;1,408;1.024,01;2.048,01;9,351;1.641.718,21
6,917;0,05;0,94;1,401;1.024,48;2.048,97;9,351;1.641.718,21
6,836;0,052;0,938;1,405;1.024,96;2.049,92;9,351;1.641.718,21
6,781;0,052;0,936;1,406;1.025,44;2.050,88;9,351;1.641.718,21
6,892;0,051;0,941;1,411;1.025,42;2.050,84;9,457;1.690.047,85
6,855;0,051;0,939;1,404;1.025,21;2.050,43;9,457;1.690.047,85
6,772;0,051;0,937;1,405;1.025,01;2.050,02;9,457;1.690.047,85
6,876;0,051;0,936;1,398;1.024,80;2.049,61;9,457;1.690.047,85
6,748;0,051;0,938;1,404;1.024,60;2.049,20;9,457;1.690.047,85
6,767;0,051;0,937;1,398;1.024,39;2.048,79;9,457;1.690.047,85
6,902;0,051;0,937;1,403;1.024,19;2.048,38;9,457;1.690.047,85
6,792;0,05;0,942;1,409;1.023,98;2.047,97;9,457;1.690.047,85
6,866;0,052;0,937;1,403;1.023,78;2.047,56;9,457;1.690.047,85
6,889;0,049;0,939;1,406;1.023,58;2.047,15;9,457;1.690.047,85
6,789;0,05;0,94;1,401;1.023,37;2.046,74;9,457;1.690.047,85
6,937;0,05;0,938;1,403;1.023,17;2.046,33;9,457;1.690.047,85
6,785;0,051;0,939;1,407;1.022,96;2.045,92;9,457;1.690.047,85
6,896;0,051;0,94;1,407;1.022,76;2.045,51;9,457;1.690.047,85
6,941;0,05;0,952;1,411;1.022,55;2.045,10;9,457;1.690.047,85
6,99;0,05;0,939;1,41;1.022,35;2.044,69;9,457;1.690.047,85
7,076;0,051;0,942;1,409;1.022,14;2.044,28;9,457;1.690.047,85
6,98;0,05;0,941;1,416;1.021,94;2.043,87;9,457;1.690.047,85
6,957;0,052;0,942;1,41;1.021,73;2.043,46;9,457;1.690.047,85
6,984;0,05;0,94;1,409;1.021,53;2.043,05;9,457;1.690.047,85
6,779;0,05;0,94;1,406;1.021,32;2.042,64;9,457;1.690.047,85
6,798;0,051;0,943;1,411;1.021,12;2.042,23;9,457;1.690.047,85
6,802;0,051;0,941;1,408;1.020,91;2.041,82;9,457;1.690.047,85
6,811;0,051;0,942;1,41;1.020,71;2.041,42;9,457;1.690.047,85
6,86;0,049;0,942;1,408;1.020,71;2.041,42;9,412;1.685.078,11
6,801;0,049;0,944;1,407;1.020,79;2.041,58;9,412;1.685.078,11
6,889;0,05;0,941;1,409;1.020,87;2.041,74;9,412;1.685.078,11
6,759;0,049;0,942;1,408;1.020,95;2.041,89;9,412;1.685.078,11
6,818;0,052;0,943;1,408;1.021,03;2.042,05;9,412;1.685.078,11
6,767;0,053;0,943;1,409;1.021,10;2.042,21;9,412;1.685.078,11
6,782;0,05;0,943;1,408;1.021,18;2.042,37;9,412;1.685.078,11
6,776;0,049;0,942;1,412;1.021,26;2.042,52;9,412;1.685.078,11
6,821;0,051;0,946;1,415;1.021,34;2.042,68;9,412;1.685.078,11
6,926;0,051;0,947;1,404;1.021,42;2.042,84;9,412;1.685.078,11
6,843;0,05;0,943;1,408;1.021,50;2.042,99;9,412;1.685.078,11
6,78;0,05;0,941;1,409;1.021,58;2.043,15;9,412;1.685.078,11
6,745;0,05;0,94;1,405;1.021,66;2.043,31;9,412;1.685.078,11
6,667;0,049;0,945;1,418;1.021,73;2.043,47;9,412;1.685.078,11
6,636;0,051;0,94;1,405;1.021,81;2.043,62;9,412;1.685.078,11
6,831;0,051;0,943;1,41;1.021,89;2.043,78;9,412;1.685.078,11
6,861;0,05;0,939;1,405;1.021,97;2.043,94;9,412;1.685.078,11
6,759;0,05;0,937;1,406;1.022,05;2.044,10;9,412;1.685.078,11
6,772;0,048;0,942;1,414;1.022,13;2.044,25;9,412;1.685.078,11
6,747;0,051;0,941;1,406;1.022,21;2.044,41;9,412;1.685.078,11
6,645;0,048;0,943;1,408;1.022,29;2.044,57;9,412;1.685.078,11
6,663;0,049;0,969;1,432;1.022,36;2.044,73;9,412;1.685.078,11
6,651;0,05;0,941;1,415;1.022,44;2.044,88;9,412;1.685.078,11
6,708;0,05;0,941;1,409;1.022,52;2.045,04;9,412;1.685.078,11
6,879;0,049;0,941;1,403;1.006,62;2.013,23;9,429;1.691.402,09
6,763;0,05;0,942;1,41;984,847;1.969,70;9,429;1.691.402,09
6,802;0,048;0,944;1,405;963,08;1.926,16;9,429;1.691.402,09
6,744;0,052;0,94;1,407;941,312;1.882,62;9,429;1.691.402,09
6,729;0,051;0,942;1,408;919,544;1.839,09;9,429;1.691.402,09
6,814;0,052;0,94;1,417;897,776;1.795,55;9,429;1.691.402,09
6,632;0,049;0,942;1,412;876,008;1.752,02;9,429;1.691.402,09
6,567;0,033;0,957;1,432;854,241;1.708,48;9,429;1.691.402,09
6,681;0,051;0,942;1,412;832,473;1.664,95;9,429;1.691.402,09
6,702;0,049;0,942;1,409;810,705;1.621,41;9,429;1.691.402,09
6,696;0,051;0,943;1,413;788,937;1.577,88;9,429;1.691.402,09
6,804;0,051;0,944;1,418;767,17;1.534,34;9,429;1.691.402,09
6,829;0,052;0,944;1,417;745,402;1.490,80;9,429;1.691.402,09
6,765;0,049;0,944;1,419;723,634;1.447,27;9,429;1.691.402,09
6,71;0,051;0,942;1,41;701,866;1.403,73;9,429;1.691.402,09
6,707;0,051;0,942;1,406;680,098;1.360,20;9,429;1.691.402,09
6,754;0,052;0,942;1,416;658,331;1.316,66;9,429;1.691.402,09
6,738;0,054;0,943;1,41;636,563;1.273,13;9,429;1.691.402,09
6,713;0,049;0,942;1,412;614,795;1.229,59;9,429;1.691.402,09
6,636;0,049;0,951;1,418;593,027;1.186,06;9,429;1.691.402,09
6,797;0,051;0,943;1,412;571,26;1.142,52;9,429;1.691.402,09
6,719;0,05;0,943;1,415;549,492;1.098,98;9,429;1.691.402,09
6,793;0,049;0,945;1,41;527,724;1.055,45;9,429;1.691.402,09
6,759;0,051;0,942;1,414;505,956;1.011,91;9,429;1.691.402,09
6,773;0,05;0,946;1,414;504,542;1.009,08;4,612;826.588,05
6,826;0,05;0,944;1,417;510,592;1.021,18;4,612;826.588,05
6,692;0,05;0,943;1,416;516,642;1.033,28;4,612;826.588,05
6,823;0,05;0,946;1,411;522,692;1.045,38;4,612;826.588,05
6,743;0,05;0,946;1,415;528,742;1.057,48;4,612;826.588,05
6,816;0,051;0,943;1,421;534,791;1.069,58;4,612;826.588,05
6,759;0,05;0,942;1,409;540,841;1.081,68;4,612;826.588,05
6,714;0,052;0,947;1,422;546,891;1.093,78;4,612;826.588,05
6,814;0,05;0,946;1,413;552,941;1.105,88;4,612;826.588,05
6,678;0,028;0,3;0,377;558,991;1.117,98;4,612;826.588,05
6,657;0,024;0,278;0,395;565,041;1.130,08;4,612;826.588,05
6,609;0,025;0,272;0,405;571,091;1.142,18;4,612;826.588,05
6,73;0,022;0,272;0,402;577,141;1.154,28;4,612;826.588,05
6,689;0,025;0,271;0,413;583,191;1.166,38;4,612;826.588,05
6,892;0,026;0,259;0,344;589,241;1.178,48;4,612;826.588,05
6,67;0,03;0,267;0,406;595,291;1.190,58;4,612;826.588,05
6,694;0,019;0,27;0,399;601,341;1.202,68;4,612;826.588,05
6,749;0,023;0,271;0,401;607,391;1.214,78;4,612;826.588,05
6,726;0,024;0,266;0,407;613,441;1.226,88;4,612;826.588,05
6,603;0,024;0,268;0,412;619,491;1.238,98;4,612;826.588,05
6,746;0,019;0,268;0,416;625,541;1.251,08;4,612;826.588,05
6,724;0,017;0,27;0,431;631,591;1.263,18;4,612;826.588,05
6,674;0,022;0,273;0,406;637,64;1.275,28;4,612;826.588,05
6,874;0,021;0,266;0,397;643,69;1.287,38;4,612;826.588,05
7,07;0,026;0,381;0,615;638,117;1.276,23;5,951;1.085.991,59
7,185;0,03;0,35;0,509;628,281;1.256,56;5,951;1.085.991,59
7,211;0,026;0,35;0,516;618,444;1.236,89;5,951;1.085.991,59
7,19;0,025;0,352;0,502;608,608;1.217,22;5,951;1.085.991,59
7,177;0,019;0,352;0,494;598,772;1.197,54;5,951;1.085.991,59
7,068;0,024;0,352;0,528;588,935;1.177,87;5,951;1.085.991,59
7,089;0,03;0,352;0,516;579,099;1.158,20;5,951;1.085.991,59
7,219;0,027;0,352;0,519;569,263;1.138,53;5,951;1.085.991,59
7,229;0,032;0,355;0,485;559,427;1.118,85;5,951;1.085.991,59
7,221;0,033;0,35;0,457;549,59;1.099,18;5,951;1.085.991,59
7,091;0,033;0,347;0,494;539,754;1.079,51;5,951;1.085.991,59
7,133;0,023;0,353;0,524;529,918;1.059,84;5,951;1.085.991,59
7,283;0,029;0,35;0,515;520,082;1.040,16;5,951;1.085.991,59
7,203;0,025;0,349;0,499;510,245;1.020,49;5,951;1.085.991,59
7,342;0,03;0,347;0,502;500,409;1.000,82;5,951;1.085.991,59
7,17;0,025;0,354;0,529;490,573;981,145;5,951;1.085.991,59
7,153;0,034;0,346;0,541;480,736;961,473;5,951;1.085.991,59
7,275;0,038;0,355;0,511;470,9;941,8;5,951;1.085.991,59
7,07;0,027;0,348;0,484;461,064;922,128;5,951;1.085.991,59
7,233;0,026;0,349;0,511;451,228;902,455;5,951;1.085.991,59
7,23;0,025;0,352;0,512;441,391;882,782;5,951;1.085.991,59
0,007;0,029;-0,014;0,051;431,555;863,11;5,951;1.085.991,59
0,025;0,012;-0,048;0,105;421,719;843,437;5,951;1.085.991,59
0;0,009;-0,05;0,094;411,882;823,765;5,951;1.085.991,59
0,017;0,009;-0,048;0,11;423,725;847,451;3,774;632.029,45
0,012;-0,024;-0,048;0,116;443,519;887,039;3,774;632.029,45
0,015;0,013;-0,048;0,101;463,313;926,626;3,774;632.029,45
14,339;0,013;-0,048;0,102;483,107;966,214;3,774;632.029,45
4,569;0,013;-0,048;0,101;502,901;1.005,80;3,774;632.029,45
4,723;0,004;-0,049;0,098;522,695;1.045,39;3,774;632.029,45
4,787;0,012;-0,032;0,077;542,489;1.084,98;3,774;632.029,45
5,058;0,022;-0,048;0,101;562,282;1.124,57;3,774;632.029,45
4,925;0,013;-0,053;0,117;582,076;1.164,15;3,774;632.029,45
4,924;0,014;-0,05;0,101;601,87;1.203,74;3,774;632.029,45
4,974;0,025;-0,059;0,102;621,664;1.243,33;3,774;632.029,45
4,98;0,012;-0,064;0,1;641,458;1.282,92;3,774;632.029,45
4,976;0,013;-0,046;0,102;661,252;1.322,50;3,774;632.029,45
4,897;0,013;-0,052;0,099;681,045;1.362,09;3,774;632.029,45
4,868;0,013;-0,038;0,119;700,839;1.401,68;3,774;632.029,45
4,875;0,017;0,22;0,426;720,633;1.441,27;3,774;632.029,45
4,905;0,023;0,306;0,454;740,427;1.480,85;3,774;632.029,45
4,886;0,048;0,9;1,441;760,221;1.520,44;3,774;632.029,45
4,982;0,05;0,919;1,413;780,015;1.560,03;3,774;632.029,45
4,921;0,051;0,927;1,417;799,808;1.599,62;3,774;632.029,45
7,839;0,049;0,934;1,418;819,602;1.639,21;3,774;632.029,45
9,307;0,05;0,936;1,417;839,396;1.678,79;3,774;632.029,45
9,405;0,049;0,939;1,414;859,19;1.718,38;3,774;632.029,45
9,354;0,048;0,939;1,415;878,984;1.757,97;3,774;632.029,45
9,403;0,055;0,936;1,405;890,63;1.781,26;8,154;1.453.583,62
9,396;0,05;0,944;1,415;899,287;1.798,57;8,154;1.453.583,62
9,059;0,05;0,949;1,414;907,944;1.815,89;8,154;1.453.583,62
9,005;0,012;-0,003;0,07;916,602;1.833,20;8,154;1.453.583,62
9,237;0,013;-0,016;0,108;925,259;1.850,52;8,154;1.453.583,62
9,002;0,014;-0,047;0,071;933,916;1.867,83;8,154;1.453.583,62
9,117;0,014;0,007;0,146;942,574;1.885,15;8,154;1.453.583,62
9,369;0,051;0,866;1,466;951,231;1.902,46;8,154;1.453.583,62
9,433;0,051;0,914;1,42;959,888;1.919,78;8,154;1.453.583,62
9,311;0,05;0,926;1,438;968,546;1.937,09;8,154;1.453.583,62
9,489;0,051;0,935;1,425;977,203;1.954,41;8,154;1.453.583,62
9,428;0,05;0,944;1,437;985,86;1.971,72;8,154;1.453.583,62
9,328;0,051;0,943;1,421;994,518;1.989,04;8,154;1.453.583,62
9,442;0,052;0,944;1,427;1.003,18;2.006,35;8,154;1.453.583,62
9,33;0,049;0,946;1,424;1.011,83;2.023,67;8,154;1.453.583,62
9,346;0,049;0,948;1,417;1.020,49;2.040,98;8,154;1.453.583,62
9,479;0,053;0,945;1,425;1.029,15;2.058,29;8,154;1.453.583,62
9,535;0,05;0,952;1,432;1.037,80;2.075,61;8,154;1.453.583,62
9,471;0,051;0,949;1,416;1.046,46;2.092,92;8,154;1.453.583,62
9,441;0,05;0,948;1,429;1.055,12;2.110,24;8,154;1.453.583,62
9,401;0,051;0,948;1,422;1.063,78;2.127,55;8,154;1.453.583,62
9,48;0,05;0,958;1,42;1.072,43;2.144,87;8,154;1.453.583,62
9,468;0,05;0,952;1,421;1.081,09;2.162,18;8,154;1.453.583,62
9,329;0,05;0,949;1,424;1.089,75;2.179,50;8,154;1.453.583,62
9,374;0,05;0,937;1,421;1.085,46;2.170,92;10,07;1.794.086,96
9,382;0,054;0,942;1,411;1.076,43;2.152,86;10,07;1.794.086,96
9,432;0,052;0,945;1,418;1.067,40;2.134,79;10,07;1.794.086,96
9,391;0,051;0,944;1,418;1.058,36;2.116,72;10,07;1.794.086,96
9,418;0,05;0,946;1,42;1.049,33;2.098,66;10,07;1.794.086,96
9,369;0,051;0,945;1,425;1.040,30;2.080,59;10,07;1.794.086,96
9,433;0,051;0,944;1,422;1.031,26;2.062,52;10,07;1.794.086,96
9,345;0,05;0,945;1,42;1.022,23;2.044,46;10,07;1.794.086,96
9,465;0,05;0,946;1,418;1.013,19;2.026,39;10,07;1.794.086,96
9,379;0,05;0,948;1,425;1.004,16;2.008,32;10,07;1.794.086,96
9,356;0,051;0,946;1,42;995,127;1.990,25;10,07;1.794.086,96
9,399;0,05;0,947;1,43;986,094;1.972,19;10,07;1.794.086,96
9,455;0,049;0,946;1,419;977,06;1.954,12;10,07;1.794.086,96
9,389;0,051;0,945;1,426;968,027;1.936,05;10,07;1.794.086,96
9,458;0,051;0,943;1,419;958,993;1.917,99;10,07;1.794.086,96
9,421;0,051;0,945;1,415;949,96;1.899,92;10,07;1.794.086,96
9,481;0,05;0,944;1,419;940,926;1.881,85;10,07;1.794.086,96
9,513;0,051;0,942;1,416;931,893;1.863,79;10,07;1.794.086,96
9,439;0,05;0,943;1,415;922,86;1.845,72;10,07;1.794.086,96
9,48;0,05;0,944;1,415;913,826;1.827,65;10,07;1.794.086,96
9,488;0,05;0,944;1,419;904,793;1.809,59;10,07;1.794.086,96
9,47;0,049;0,942;1,415;895,759;1.791,52;10,07;1.794.086,96
9,56;0,051;0,941;1,417;886,726;1.773,45;10,07;1.794.086,96
9,586;0,05;0,94;1,408;877,692;1.755,38;10,07;1.794.086,96
9,488;0,049;0,94;1,409;876,337;1.752,67;8,071;1.473.122,60
9,516;0,05;0,938;1,411;877,798;1.755,60;8,071;1.473.122,60
9,478;0,051;0,938;1,409;879,258;1.758,52;8,071;1.473.122,60
9,43;0,05;0,94;1,409;880,719;1.761,44;8,071;1.473.122,60
9,579;0,049;0,939;1,415;882,18;1.764,36;8,071;1.473.122,60
9,51;0,049;0,94;1,413;883,64;1.767,28;8,071;1.473.122,60
9,517;0,049;0,941;1,411;885,101;1.770,20;8,071;1.473.122,60
9,469;0,05;0,941;1,411;886,562;1.773,12;8,071;1.473.122,60
9,506;0,05;0,942;1,411;888,022;1.776,04;8,071;1.473.122,60
9,479;0,051;0,944;1,415;889,483;1.778,97;8,071;1.473.122,60
9,455;0,049;0,939;1,413;890,944;1.781,89;8,071;1.473.122,60
9,485;0,05;0,941;1,411;892,404;1.784,81;8,071;1.473.122,60
9,38;0,05;0,938;1,413;893,865;1.787,73;8,071;1.473.122,60
9,475;0,049;0,938;1,411;895,326;1.790,65;8,071;1.473.122,60
9,386;0,049;0,935;1,407;896,786;1.793,57;8,071;1.473.122,60
9,492;0,049;0,937;1,411;898,247;1.796,49;8,071;1.473.122,60
9,547;0,05;0,936;1,407;899,708;1.799,42;8,071;1.473.122,60
9,392;0,05;0,939;1,412;901,168;1.802,34;8,071;1.473.122,60
9,308;0,024;0,292;0,386;902,629;1.805,26;8,071;1.473.122,60
9,305;0,023;0,273;0,401;904,09;1.808,18;8,071;1.473.122,60
9,238;0,02;0,26;0,39;905,55;1.811,10;8,071;1.473.122,60
9,161;0,02;0,265;0,404;907,011;1.814,02;8,071;1.473.122,60
9,144;0,028;0,26;0,407;908,472;1.816,94;8,071;1.473.122,60
9,367;0,029;0,404;0,619;909,932;1.819,86;8,071;1.473.122,60
9,472;0,039;0,656;0,992;909,426;1.818,85;8,394;1.505.216,17
9,514;0,039;0,667;0,983;908,198;1.816,40;8,394;1.505.216,17
9,369;0,039;0,667;0,967;906,97;1.813,94;8,394;1.505.216,17
9,378;0,039;0,67;0,977;905,742;1.811,48;8,394;1.505.216,17
9,432;0,037;0,672;0,984;904,514;1.809,03;8,394;1.505.216,17
9,396;0,04;0,674;0,98;903,286;1.806,57;8,394;1.505.216,17
9,773;0,039;0,675;0,987;902,058;1.804,12;8,394;1.505.216,17
9,621;0,039;0,672;0,982;900,83;1.801,66;8,394;1.505.216,17
9,575;0,04;0,676;0,988;899,602;1.799,20;8,394;1.505.216,17
9,473;0,041;0,671;0,971;898,374;1.796,75;8,394;1.505.216,17
9,565;0,039;0,674;0,975;897,146;1.794,29;8,394;1.505.216,17
9,492;0,039;0,676;0,977;895,918;1.791,84;8,394;1.505.216,17
9,471;0,04;0,677;0,987;894,691;1.789,38;8,394;1.505.216,17
9,432;0,039;0,674;0,982;893,463;1.786,93;8,394;1.505.216,17
9,518;0,039;0,672;0,977;892,235;1.784,47;8,394;1.505.216,17
9,493;0,039;0,672;0,976;891,007;1.782,01;8,394;1.505.216,17
9,429;0,04;0,674;0,98;889,779;1.779,56;8,394;1.505.216,17
9,356;0,04;0,675;0,982;888,551;1.777,10;8,394;1.505.216,17
9,491;0,039;0,671;0,975;887,323;1.774,65;8,394;1.505.216,17
9,459;0,037;0,676;0,979;886,095;1.772,19;8,394;1.505.216,17
9,465;0,039;0,676;0,989;884,867;1.769,73;8,394;1.505.216,17
9,524;0,041;0,669;0,969;883,639;1.767,28;8,394;1.505.216,17
9,477;0,04;0,673;0,977;882,411;1.764,82;8,394;1.505.216,17
9,401;0,043;0,668;0,979;881,183;1.762,37;8,394;1.505.216,17
9,392;0,039;0,672;0,971;887,238;1.774,48;8,123;1.458.172,99
9,456;0,04;0,671;0,979;895,965;1.791,93;8,123;1.458.172,99
9,474;0,039;0,673;0,989;904,691;1.809,38;8,123;1.458.172,99
9,423;0,037;0,671;0,971;913,417;1.826,83;8,123;1.458.172,99
9,449;0,036;0,674;0,982;922,143;1.844,29;8,123;1.458.172,99
9,302;0,04;0,672;1,026;930,869;1.861,74;8,123;1.458.172,99
9,476;0,048;0,671;0,978;939,596;1.879,19;8,123;1.458.172,99
9,414;0,038;0,67;0,964;948,322;1.896,64;8,123;1.458.172,99
9,475;0,038;0,671;0,97;957,048;1.914,10;8,123;1.458.172,99
9,35;0,039;0,673;0,972;965,774;1.931,55;8,123;1.458.172,99
9,37;0,038;0,681;0,955;974,5;1.949,00;8,123;1.458.172,99
9,388;0,037;0,671;0,968;983,227;1.966,45;8,123;1.458.172,99
9,259;0,042;0,671;0,962;991,953;1.983,91;8,123;1.458.172,99
9,092;0,039;0,67;0,981;1.000,68;2.001,36;8,123;1.458.172,99
9,045;0,043;0,67;0,995;1.009,41;2.018,81;8,123;1.458.172,99
9,059;0,04;0,671;0,973;1.018,13;2.036,26;8,123;1.458.172,99
9,11;0,038;0,619;0,879;1.026,86;2.053,72;8,123;1.458.172,99
9,111;0,037;0,614;0,898;1.035,58;2.071,17;8,123;1.458.172,99
9,125;0,036;0,617;0,867;1.044,31;2.088,62;8,123;1.458.172,99
9,192;0,044;0,811;1,262;1.053,04;2.106,07;8,123;1.458.172,99
9,283;0,046;0,835;1,251;1.061,76;2.123,53;8,123;1.458.172,99
9,132;0,047;0,838;1,252;1.070,49;2.140,98;8,123;1.458.172,99
9,18;0,045;0,839;1,252;1.079,22;2.158,43;8,123;1.458.172,99
9,167;0,048;0,841;1,243;1.087,94;2.175,88;8,123;1.458.172,99
9,141;0,047;0,838;1,234;1.090,14;2.180,27;10,054;1.785.899,30
9,287;0,047;0,836;1,242;1.089,94;2.179,87;10,054;1.785.899,30
9,204;0,046;0,84;1,249;1.089,74;2.179,48;10,054;1.785.899,30
9,086;0,047;0,839;1,262;1.089,54;2.179,08;10,054;1.785.899,30
9,172;0,045;0,847;1,239;1.089,34;2.178,68;10,054;1.785.899,30
9,135;0,048;0,847;1,26;1.089,14;2.178,28;10,054;1.785.899,30
9,119;0,046;0,844;1,243;1.088,94;2.177,88;10,054;1.785.899,30
9,168;0,047;0,845;1,254;1.088,74;2.177,48;10,054;1.785.899,30
9,129;0,045;0,843;1,251;1.088,54;2.177,08;10,054;1.785.899,30
9,108;0,046;0,841;1,248;1.088,34;2.176,68;10,054;1.785.899,30
9,254;0,047;0,841;1,246;1.088,14;2.176,28;10,054;1.785.899,30
9,325;0,044;0,841;1,25;1.087,94;2.175,88;10,054;1.785.899,30
9,242;0,046;0,841;1,246;1.087,74;2.175,48;10,054;1.785.899,30
9,289;0,046;0,841;1,248;1.087,54;2.175,08;10,054;1.785.899,30
9,248;0,046;0,841;1,251;1.087,34;2.174,68;10,054;1.785.899,30
9,225;0,046;0,841;1,251;1.087,14;2.174,29;10,054;1.785.899,30
9,136;0,045;0,84;1,253;1.086,94;2.173,89;10,054;1.785.899,30
9,18;0,044;0,842;1,257;1.086,74;2.173,49;10,054;1.785.899,30
9,141;0,046;0,84;1,251;1.086,54;2.173,09;10,054;1.785.899,30
9,202;0,044;0,841;1,258;1.086,34;2.172,69;10,054;1.785.899,30
9,184;0,046;0,84;1,254;1.086,15;2.172,29;10,054;1.785.899,30
9,23;0,046;0,844;1,249;1.085,95;2.171,89;10,054;1.785.899,30
9,228;0,045;0,843;1,249;1.085,75;2.171,49;10,054;1.785.899,30
9,212;0,046;0,839;1,25;1.085,55;2.171,09;10,054;1.785.899,30
9,23;0,046;0,844;1,254;1.085,24;2.170,48;10,01;1.766.624,35
9,262;0,046;0,841;1,248;1.084,90;2.169,79;10,01;1.766.624,35
9,229;0,046;0,846;1,254;1.084,55;2.169,10;10,01;1.766.624,35
9,257;0,047;0,84;1,248;1.084,21;2.168,41;10,01;1.766.624,35
9,27;0,044;0,841;1,249;1.083,86;2.167,73;10,01;1.766.624,35
9,19;0,045;0,84;1,246;1.083,52;2.167,04;10,01;1.766.624,35
9,203;0,044;0,838;1,244;1.083,17;2.166,35;10,01;1.766.624,35
9,232;0,045;0,836;1,246;1.082,83;2.165,66;10,01;1.766.624,35
9,179;0,047;0,84;1,245;1.082,49;2.164,97;10,01;1.766.624,35
9,239;0,044;0,841;1,246;1.082,14;2.164,28;10,01;1.766.624,35
9,228;0,044;0,84;1,241;1.081,80;2.163,59;10,01;1.766.624,35
9,204;0,046;0,84;1,246;1.081,45;2.162,90;10,01;1.766.624,35
9,187;0,048;0,839;1,25;1.081,11;2.162,21;10,01;1.766.624,35
9,23;0,045;0,838;1,24;1.080,76;2.161,53;10,01;1.766.624,35
9,193;0,046;0,838;1,24;1.080,42;2.160,84;10,01;1.766.624,35
9,186;0,045;0,839;1,247;1.080,07;2.160,15;10,01;1.766.624,35
9,136;0,046;0,84;1,245;1.079,73;2.159,46;10,01;1.766.624,35
9,217;0,045;0,839;1,247;1.079,39;2.158,77;10,01;1.766.624,35
9,224;0,044;0,838;1,243;1.079,04;2.158,08;10,01;1.766.624,35
9,209;0,045;0,843;1,224;1.078,70;2.157,39;10,01;1.766.624,35
9,179;0,046;0,837;1,245;1.078,35;2.156,70;10,01;1.766.624,35
9,254;0,045;0,838;1,243;1.078,01;2.156,01;10,01;1.766.624,35
9,165;0,045;0,838;1,244;1.077,66;2.155,33;10,01;1.766.624,35
9,189;0,043;0,838;1,246;1.077,32;2.154,64;10,01;1.766.624,35
9,175;0,046;0,834;1,237;1.083,29;2.166,58;9,933;1.757.305,02
9,213;0,045;0,833;1,245;1.091,58;2.183,16;9,933;1.757.305,02
9,146;0,044;0,833;1,242;1.099,87;2.199,73;9,933;1.757.305,02
9,229;0,045;0,836;1,238;1.108,15;2.216,31;9,933;1.757.305,02
9,221;0,046;0,833;1,248;1.116,44;2.232,89;9,933;1.757.305,02
9,212;0,046;0,835;1,236;1.124,73;2.249,46;9,933;1.757.305,02
9,207;0,044;0,835;1,233;1.133,02;2.266,04;9,933;1.757.305,02
9,29;0,044;0,835;1,237;1.141,31;2.282,61;9,933;1.757.305,02
9,236;0,045;0,835;1,241;1.149,60;2.299,19;9,933;1.757.305,02
9,276;0,045;0,835;1,247;1.157,88;2.315,77;9,933;1.757.305,02
9,273;0,045;0,832;1,242;1.166,17;2.332,34;9,933;1.757.305,02
9,219;0,045;0,838;1,245;1.174,46;2.348,92;9,933;1.757.305,02
9,303;0,047;0,836;1,234;1.182,75;2.365,49;9,933;1.757.305,02
9,244;0,046;0,837;1,241;1.191,04;2.382,07;9,933;1.757.305,02
9,238;0,046;0,841;1,24;1.199,32;2.398,65;9,933;1.757.305,02
9,036;0,045;0,838;1,253;1.207,61;2.415,22;9,933;1.757.305,02
9,049;0,043;0,84;1,257;1.215,90;2.431,80;9,933;1.757.305,02
9,128;0,046;0,844;1,256;1.224,19;2.448,38;9,933;1.757.305,02
9,088;0,045;0,843;1,248;1.232,48;2.464,95;9,933;1.757.305,02
9,225;0,045;0,842;1,25;1.240,76;2.481,53;9,933;1.757.305,02
9,077;0,046;0,84;1,254;1.249,05;2.498,10;9,933;1.757.305,02
9,164;0,047;0,838;1,25;1.257,34;2.514,68;9,933;1.757.305,02
9,202;0,045;0,842;1,247;1.265,63;2.531,26;9,933;1.757.305,02
9,162;0,046;0,844;1,246;1.273,92;2.547,83;9,933;1.757.305,02
9,264;0,045;0,841;1,246;1.276,14;2.552,28;11,768;2.082.640,56
9,167;0,047;0,841;1,258;1.276,14;2.552,28;11,768;2.082.640,56
9,201;0,045;0,844;1,25;1.276,14;2.552,28;11,768;2.082.640,56
9,013;0,047;0,841;1,26;1.276,14;2.552,28;11,768;2.082.640,56
9,291;0,046;0,843;1,226;1.276,14;2.552,28;11,768;2.082.640,56
9,282;0,04;0,841;1,252;1.276,14;2.552,28;11,768;2.082.640,56
9,125;0,044;0,837;1,259;1.276,14;2.552,28;11,768;2.082.640,56
9,036;0,041;0,838;1,246;1.276,14;2.552,28;11,768;2.082.640,56
9,16;0,043;0,834;1,255;1.276,14;2.552,28;11,768;2.082.640,56
9,231;0,044;0,831;1,246;1.276,14;2.552,28;11,768;2.082.640,56
9,228;0,047;0,833;1,231;1.276,14;2.552,28;11,768;2.082.640,56
9,016;0,047;0,837;1,245;1.276,14;2.552,28;11,768;2.082.640,56
9,178;0,045;0,839;1,278;1.276,14;2.552,28;11,768;2.082.640,56
9,302;0,051;0,829;1,217;1.276,14;2.552,28;11,768;2.082.640,56
9,028;0,044;0,836;1,238;1.276,14;2.552,28;11,768;2.082.640,56
9,174;0,044;0,84;1,236;1.276,14;2.552,28;11,768;2.082.640,56
9,333;0,044;0,834;1,224;1.276,14;2.552,28;11,768;2.082.640,56
9,309;0,045;0,838;1,223;1.276,14;2.552,28;11,768;2.082.640,56
9,24;0,042;0,834;1,241;1.276,14;2.552,28;11,768;2.082.640,56
7,819;0,047;0,837;1,243;1.276,14;2.552,28;11,768;2.082.640,56
7,709;0,045;0,84;1,24;1.276,14;2.552,28;11,768;2.082.640,56
7,94;0,051;0,831;1,222;1.276,14;2.552,28;11,768;2.082.640,56
7,883;0,044;0,837;1,231;1.276,14;2.552,28;11,768;2.082.640,56
7,695;0,041;0,839;1,226;1.276,14;2.552,28;11,768;2.082.640,56
7,531;0,045;0,833;1,226;;;;
7,465;0,048;0,826;1,261;;;;
7,655;0,046;0,834;1,242;;;;
7,695;0,043;0,836;1,245;;;;
7,47;0,045;0,841;1,254;;;;
7,461;0,046;0,837;1,239;;;;
7,584;0,046;0,832;1,241;;;;
7,614;0,045;0,835;1,243;;;;
7,535;0,046;0,832;1,237;;;;
7,56;0,045;0,832;1,219;;;;
7,575;0,046;0,833;1,237;;;;
7,541;0,045;0,837;1,239;;;;
7,728;0,043;0,834;1,225;;;;
7,609;0,048;0,839;1,228;;;;
7,478;0,045;0,837;1,235;;;;
